{
    "symbol": "AAPL",
    "annualReports": [
        {
            "fiscalDateEnding": "2019-09-30",
            "reportedCurrency": "USD",
            "totalAssets": "338516000000",
            "intangibleAssets": "None",
            "earningAssets": "None",
            "otherCurrentAssets": "12352000000",
            "totalLiabilities": "248028000000",
            "totalShareholderEquity": "90488000000",
            "deferredLongTermLiabilities": "None",
            "otherCurrentLiabilities": "43242000000",
            "commonStock": "45174000000",
            "retainedEarnings": "45898000000",
            "otherLiabilities": "50503000000",
            "goodwill": "None",
            "otherAssets": "32978000000",
            "cash": "48844000000",
            "totalCurrentLiabilities": "105718000000",
            "shortTermDebt": "16240000000",
            "currentLongTermDebt": "16240000000",
            "otherShareholderEquity": "-584000000",
            "propertyPlantEquipment": "37378000000",
            "totalCurrentAssets": "162819000000",
            "longTermInvestments": "105341000000",
            "netTangibleAssets": "90488000000",
            "shortTermInvestments": "51713000000",
            "netReceivables": "45804000000",
            "longTermDebt": "91807000000",
            "inventory": "4106000000",
            "accountsPayable": "46236000000",
            "totalPermanentEquity": "None",
            "additionalPaidInCapital": "None",
            "commonStockTotalEquity": "45174000000",
            "preferredStockTotalEquity": "None",
            "retainedEarningsTotalEquity": "45898000000",
            "treasuryStock": "None",
            "accumulatedAmortization": "None",
            "otherNonCurrrentAssets": "32978000000",
            "deferredLongTermAssetCharges": "None",
            "totalNonCurrentAssets": "175697000000",
            "capitalLeaseObligations": "None",
            "totalLongTermDebt": "91807000000",
            "otherNonCurrentLiabilities": "50503000000",
            "totalNonCurrentLiabilities": "142310000000",
            "negativeGoodwill": "None",
            "warrants": "None",
            "preferredStockRedeemable": "None",
            "capitalSurplus": "None",
            "liabilitiesAndShareholderEquity": "338516000000",
            "cashAndShortTermInvestments": "100557000000",
            "accumulatedDepreciation": "None",
            "commonStockSharesOutstanding": "4443236000"
        },
        {
            "fiscalDateEnding": "2018-09-30",
            "reportedCurrency": "USD",
            "totalAssets": "365725000000",
            "intangibleAssets": "None",
            "earningAssets": "None",
            "otherCurrentAssets": "12087000000",
            "totalLiabilities": "258578000000",
            "totalShareholderEquity": "107147000000",
            "deferredLongTermLiabilities": "2797000000",
            "otherCurrentLiabilities": "40230000000",
            "commonStock": "40201000000",
            "retainedEarnings": "70400000000",
            "otherLiabilities": "48914000000",
            "goodwill": "None",
            "otherAssets": "22283000000",
            "cash": "25913000000",
            "totalCurrentLiabilities": "116866000000",
            "shortTermDebt": "20748000000",
            "currentLongTermDebt": "20748000000",
            "otherShareholderEquity": "-3454000000",
            "propertyPlantEquipment": "41304000000",
            "totalCurrentAssets": "131339000000",
            "longTermInvestments": "170799000000",
            "netTangibleAssets": "107147000000",
            "shortTermInvestments": "40388000000",
            "netReceivables": "48995000000",
            "longTermDebt": "93735000000",
            "inventory": "3956000000",
            "accountsPayable": "55888000000",
            "totalPermanentEquity": "None",
            "additionalPaidInCapital": "None",
            "commonStockTotalEquity": "40201000000",
            "preferredStockTotalEquity": "None",
            "retainedEarningsTotalEquity": "70400000000",
            "treasuryStock": "None",
            "accumulatedAmortization": "None",
            "otherNonCurrrentAssets": "22283000000",
            "deferredLongTermAssetCharges": "None",
            "totalNonCurrentAssets": "234386000000",
            "capitalLeaseObligations": "None",
            "totalLongTermDebt": "93735000000",
            "otherNonCurrentLiabilities": "45180000000",
            "totalNonCurrentLiabilities": "141712000000",
            "negativeGoodwill": "None",
            "warrants": "None",
            "preferredStockRedeemable": "None",
            "capitalSurplus": "None",
            "liabilitiesAndShareholderEquity": "365725000000",
            "cashAndShortTermInvestments": "66301000000",
            "accumulatedDepreciation": "None",
            "commonStockSharesOutstanding": "4754986000"
        },
        {
            "fiscalDateEnding": "2017-09-30",
            "reportedCurrency": "USD",
            "totalAssets": "375319000000",
            "intangibleAssets": "2298000000",
            "earningAssets": "None",
            "otherCurrentAssets": "13936000000",
            "totalLiabilities": "241272000000",
            "totalShareholderEquity": "134047000000",
            "deferredLongTermLiabilities": "2836000000",
            "otherCurrentLiabilities": "7548000000",
            "commonStock": "35867000000",
            "retainedEarnings": "98330000000",
            "otherLiabilities": "43251000000",
            "goodwill": "5717000000",
            "otherAssets": "18177000000",
            "cash": "20289000000",
            "totalCurrentLiabilities": "100814000000",
            "shortTermDebt": "18473000000",
            "currentLongTermDebt": "18473000000",
            "otherShareholderEquity": "-150000000",
            "propertyPlantEquipment": "33783000000",
            "totalCurrentAssets": "128645000000",
            "longTermInvestments": "194714000000",
            "netTangibleAssets": "126032000000",
            "shortTermInvestments": "53892000000",
            "netReceivables": "35673000000",
            "longTermDebt": "97207000000",
            "inventory": "4855000000",
            "accountsPayable": "74793000000",
            "totalPermanentEquity": "0",
            "additionalPaidInCapital": "0",
            "commonStockTotalEquity": "35867000000",
            "preferredStockTotalEquity": "0",
            "retainedEarningsTotalEquity": "98330000000",
            "treasuryStock": "0",
            "accumulatedAmortization": "None",
            "otherNonCurrrentAssets": "10162000000",
            "deferredLongTermAssetCharges": "None",
            "totalNonCurrentAssets": "246674000000",
            "capitalLeaseObligations": "None",
            "totalLongTermDebt": "97207000000",
            "otherNonCurrentLiabilities": "40415000000",
            "totalNonCurrentLiabilities": "140458000000",
            "negativeGoodwill": "None",
            "warrants": "None",
            "preferredStockRedeemable": "None",
            "capitalSurplus": "None",
            "liabilitiesAndShareholderEquity": "375319000000",
            "cashAndShortTermInvestments": "74181000000",
            "accumulatedDepreciation": "None",
            "commonStockSharesOutstanding": "5126201000"
        },
        {
            "fiscalDateEnding": "2016-09-30",
            "reportedCurrency": "USD",
            "totalAssets": "321686000000",
            "intangibleAssets": "3206000000",
            "earningAssets": "None",
            "otherCurrentAssets": "8283000000",
            "totalLiabilities": "193437000000",
            "totalShareholderEquity": "128249000000",
            "deferredLongTermLiabilities": "2930000000",
            "otherCurrentLiabilities": "8080000000",
            "commonStock": "31251000000",
            "retainedEarnings": "96364000000",
            "otherLiabilities": "39004000000",
            "goodwill": "5414000000",
            "otherAssets": "8757000000",
            "cash": "20484000000",
            "totalCurrentLiabilities": "79006000000",
            "shortTermDebt": "11600000000",
            "currentLongTermDebt": "11605000000",
            "otherShareholderEquity": "634000000",
            "propertyPlantEquipment": "27010000000",
            "totalCurrentAssets": "106869000000",
            "longTermInvestments": "170430000000",
            "netTangibleAssets": "119629000000",
            "shortTermInvestments": "46671000000",
            "netReceivables": "29299000000",
            "longTermDebt": "75427000000",
            "inventory": "2132000000",
            "accountsPayable": "59321000000",
            "totalPermanentEquity": "None",
            "additionalPaidInCapital": "None",
            "commonStockTotalEquity": "31251000000",
            "preferredStockTotalEquity": "None",
            "retainedEarningsTotalEquity": "96364000000",
            "treasuryStock": "None",
            "accumulatedAmortization": "None",
            "otherNonCurrrentAssets": "8757000000",
            "deferredLongTermAssetCharges": "None",
            "totalNonCurrentAssets": "214817000000",
            "capitalLeaseObligations": "None",
            "totalLongTermDebt": "75427000000",
            "otherNonCurrentLiabilities": "36074000000",
            "totalNonCurrentLiabilities": "114431000000",
            "negativeGoodwill": "None",
            "warrants": "None",
            "preferredStockRedeemable": "None",
            "capitalSurplus": "None",
            "liabilitiesAndShareholderEquity": "321686000000",
            "cashAndShortTermInvestments": "67155000000",
            "accumulatedDepreciation": "None",
            "commonStockSharesOutstanding": "5336166000"
        },
        {
            "fiscalDateEnding": "2015-09-30",
            "reportedCurrency": "USD",
            "totalAssets": "290479000000",
            "intangibleAssets": "3893000000",
            "earningAssets": "None",
            "otherCurrentAssets": "9539000000",
            "totalLiabilities": "171124000000",
            "totalShareholderEquity": "119355000000",
            "deferredLongTermLiabilities": "3624000000",
            "otherCurrentLiabilities": "8940000000",
            "commonStock": "27416000000",
            "retainedEarnings": "92284000000",
            "otherLiabilities": "37051000000",
            "goodwill": "5116000000",
            "otherAssets": "5422000000",
            "cash": "21120000000",
            "totalCurrentLiabilities": "80610000000",
            "shortTermDebt": "10999000000",
            "currentLongTermDebt": "2513000000",
            "otherShareholderEquity": "-345000000",
            "propertyPlantEquipment": "22471000000",
            "totalCurrentAssets": "89378000000",
            "longTermInvestments": "164065000000",
            "netTangibleAssets": "110346000000",
            "shortTermInvestments": "20481000000",
            "netReceivables": "35889000000",
            "longTermDebt": "53463000000",
            "inventory": "2349000000",
            "accountsPayable": "60671000000",
            "totalPermanentEquity": "0",
            "additionalPaidInCapital": "0",
            "commonStockTotalEquity": "27416000000",
            "preferredStockTotalEquity": "0",
            "retainedEarningsTotalEquity": "92284000000",
            "treasuryStock": "0",
            "accumulatedAmortization": "None",
            "otherNonCurrrentAssets": "5556000000",
            "deferredLongTermAssetCharges": "None",
            "totalNonCurrentAssets": "201101000000",
            "capitalLeaseObligations": "None",
            "totalLongTermDebt": "53463000000",
            "otherNonCurrentLiabilities": "33427000000",
            "totalNonCurrentLiabilities": "90514000000",
            "negativeGoodwill": "None",
            "warrants": "None",
            "preferredStockRedeemable": "None",
            "capitalSurplus": "None",
            "liabilitiesAndShareholderEquity": "290479000000",
            "cashAndShortTermInvestments": "41601000000",
            "accumulatedDepreciation": "None",
            "commonStockSharesOutstanding": "5578753000"
        }
    ],
    "quarterlyReports": [
        {
            "fiscalDateEnding": "2020-06-30",
            "reportedCurrency": "USD",
            "totalAssets": "317344000000",
            "intangibleAssets": "None",
            "earningAssets": "None",
            "otherCurrentAssets": "10987000000",
            "totalLiabilities": "245062000000",
            "totalShareholderEquity": "72282000000",
            "deferredLongTermLiabilities": "None",
            "otherCurrentLiabilities": "41318000000",
            "commonStock": "48696000000",
            "retainedEarnings": "24136000000",
            "otherLiabilities": "47606000000",
            "goodwill": "None",
            "otherAssets": "32836000000",
            "cash": "33383000000",
            "totalCurrentLiabilities": "95318000000",
            "shortTermDebt": "18675000000",
            "currentLongTermDebt": "18675000000",
            "otherShareholderEquity": "-550000000",
            "propertyPlantEquipment": "35687000000",
            "totalCurrentAssets": "140065000000",
            "longTermInvestments": "100592000000",
            "netTangibleAssets": "72282000000",
            "shortTermInvestments": "59642000000",
            "netReceivables": "32075000000",
            "longTermDebt": "94048000000",
            "inventory": "3978000000",
            "accountsPayable": "35325000000",
            "totalPermanentEquity": "None",
            "additionalPaidInCapital": "None",
            "commonStockTotalEquity": "48696000000",
            "preferredStockTotalEquity": "None",
            "retainedEarningsTotalEquity": "24136000000",
            "treasuryStock": "None",
            "accumulatedAmortization": "None",
            "otherNonCurrrentAssets": "41000000000",
            "deferredLongTermAssetCharges": "None",
            "totalNonCurrentAssets": "177279000000",
            "capitalLeaseObligations": "None",
            "totalLongTermDebt": "94048000000",
            "otherNonCurrentLiabilities": "55696000000",
            "totalNonCurrentLiabilities": "149744000000",
            "negativeGoodwill": "None",
            "warrants": "None",
            "preferredStockRedeemable": "None",
            "capitalSurplus": "None",
            "liabilitiesAndShareholderEquity": "317344000000",
            "cashAndShortTermInvestments": "93025000000",
            "accumulatedDepreciation": "None",
            "commonStockSharesOutstanding": "4283939000"
        },
        {
            "fiscalDateEnding": "2020-03-31",
            "reportedCurrency": "USD",
            "totalAssets": "320400000000",
            "intangibleAssets": "None",
            "earningAssets": "None",
            "otherCurrentAssets": "15691000000",
            "totalLiabilities": "241975000000",
            "totalShareholderEquity": "78425000000",
            "deferredLongTermLiabilities": "None",
            "otherCurrentLiabilities": "43252000000",
            "commonStock": "48032000000",
            "retainedEarnings": "33182000000",
            "otherLiabilities": "48745000000",
            "goodwill": "None",
            "otherAssets": "33868000000",
            "cash": "40174000000",
            "totalCurrentLiabilities": "96094000000",
            "shortTermDebt": "20421000000",
            "currentLongTermDebt": "20421000000",
            "otherShareholderEquity": "-2789000000",
            "propertyPlantEquipment": "35889000000",
            "totalCurrentAssets": "143753000000",
            "longTermInvestments": "98793000000",
            "netTangibleAssets": "78425000000",
            "shortTermInvestments": "53877000000",
            "netReceivables": "30677000000",
            "longTermDebt": "89086000000",
            "inventory": "3334000000",
            "accountsPayable": "32421000000",
            "totalPermanentEquity": "None",
            "additionalPaidInCapital": "None",
            "commonStockTotalEquity": "48032000000",
            "preferredStockTotalEquity": "None",
            "retainedEarningsTotalEquity": "33182000000",
            "treasuryStock": "None",
            "accumulatedAmortization": "None",
            "otherNonCurrrentAssets": "41965000000",
            "deferredLongTermAssetCharges": "None",
            "totalNonCurrentAssets": "176647000000",
            "capitalLeaseObligations": "None",
            "totalLongTermDebt": "89086000000",
            "otherNonCurrentLiabilities": "56795000000",
            "totalNonCurrentLiabilities": "145881000000",
            "negativeGoodwill": "None",
            "warrants": "None",
            "preferredStockRedeemable": "None",
            "capitalSurplus": "None",
            "liabilitiesAndShareholderEquity": "320400000000",
            "cashAndShortTermInvestments": "94051000000",
            "accumulatedDepreciation": "None",
            "commonStockSharesOutstanding": "4323987000"
        },
        {
            "fiscalDateEnding": "2019-12-31",
            "reportedCurrency": "USD",
            "totalAssets": "340618000000",
            "intangibleAssets": "None",
            "earningAssets": "None",
            "otherCurrentAssets": "12026000000",
            "totalLiabilities": "251087000000",
            "totalShareholderEquity": "89531000000",
            "deferredLongTermLiabilities": "None",
            "otherCurrentLiabilities": "41836000000",
            "commonStock": "45972000000",
            "retainedEarnings": "43977000000",
            "otherLiabilities": "48648000000",
            "goodwill": "None",
            "otherAssets": "33195000000",
            "cash": "39771000000",
            "totalCurrentLiabilities": "102161000000",
            "shortTermDebt": "15214000000",
            "currentLongTermDebt": "15214000000",
            "otherShareholderEquity": "-418000000",
            "propertyPlantEquipment": "37031000000",
            "totalCurrentAssets": "163231000000",
            "longTermInvestments": "99899000000",
            "netTangibleAssets": "89531000000",
            "shortTermInvestments": "67391000000",
            "netReceivables": "39946000000",
            "longTermDebt": "93078000000",
            "inventory": "4097000000",
            "accountsPayable": "45111000000",
            "totalPermanentEquity": "None",
            "additionalPaidInCapital": "None",
            "commonStockTotalEquity": "45972000000",
            "preferredStockTotalEquity": "None",
            "retainedEarningsTotalEquity": "43977000000",
            "treasuryStock": "None",
            "accumulatedAmortization": "None",
            "otherNonCurrrentAssets": "40457000000",
            "deferredLongTermAssetCharges": "None",
            "totalNonCurrentAssets": "177387000000",
            "capitalLeaseObligations": "None",
            "totalLongTermDebt": "93078000000",
            "otherNonCurrentLiabilities": "55848000000",
            "totalNonCurrentLiabilities": "148926000000",
            "negativeGoodwill": "None",
            "warrants": "None",
            "preferredStockRedeemable": "None",
            "capitalSurplus": "None",
            "liabilitiesAndShareholderEquity": "340618000000",
            "cashAndShortTermInvestments": "107162000000",
            "accumulatedDepreciation": "None",
            "commonStockSharesOutstanding": "4384959000"
        },
        {
            "fiscalDateEnding": "2019-09-30",
            "reportedCurrency": "USD",
            "totalAssets": "338516000000",
            "intangibleAssets": "None",
            "earningAssets": "None",
            "otherCurrentAssets": "12352000000",
            "totalLiabilities": "248028000000",
            "totalShareholderEquity": "90488000000",
            "deferredLongTermLiabilities": "None",
            "otherCurrentLiabilities": "43242000000",
            "commonStock": "45174000000",
            "retainedEarnings": "45898000000",
            "otherLiabilities": "50503000000",
            "goodwill": "None",
            "otherAssets": "32978000000",
            "cash": "48844000000",
            "totalCurrentLiabilities": "105718000000",
            "shortTermDebt": "16240000000",
            "currentLongTermDebt": "16240000000",
            "otherShareholderEquity": "-584000000",
            "propertyPlantEquipment": "37378000000",
            "totalCurrentAssets": "162819000000",
            "longTermInvestments": "105341000000",
            "netTangibleAssets": "90488000000",
            "shortTermInvestments": "51713000000",
            "netReceivables": "45804000000",
            "longTermDebt": "91807000000",
            "inventory": "4106000000",
            "accountsPayable": "46236000000",
            "totalPermanentEquity": "None",
            "additionalPaidInCapital": "None",
            "commonStockTotalEquity": "45174000000",
            "preferredStockTotalEquity": "None",
            "retainedEarningsTotalEquity": "45898000000",
            "treasuryStock": "None",
            "accumulatedAmortization": "None",
            "otherNonCurrrentAssets": "32978000000",
            "deferredLongTermAssetCharges": "None",
            "totalNonCurrentAssets": "175697000000",
            "capitalLeaseObligations": "None",
            "totalLongTermDebt": "91807000000",
            "otherNonCurrentLiabilities": "50503000000",
            "totalNonCurrentLiabilities": "142310000000",
            "negativeGoodwill": "None",
            "warrants": "None",
            "preferredStockRedeemable": "None",
            "capitalSurplus": "None",
            "liabilitiesAndShareholderEquity": "338516000000",
            "cashAndShortTermInvestments": "100557000000",
            "accumulatedDepreciation": "None",
            "commonStockSharesOutstanding": "4443236000"
        },
        {
            "fiscalDateEnding": "2019-06-30",
            "reportedCurrency": "USD",
            "totalAssets": "322239000000",
            "intangibleAssets": "None",
            "earningAssets": "None",
            "otherCurrentAssets": "10530000000",
            "totalLiabilities": "225783000000",
            "totalShareholderEquity": "96456000000",
            "deferredLongTermLiabilities": "None",
            "otherCurrentLiabilities": "37107000000",
            "commonStock": "43371000000",
            "retainedEarnings": "53724000000",
            "otherLiabilities": "51143000000",
            "goodwill": "None",
            "otherAssets": "33634000000",
            "cash": "50530000000",
            "totalCurrentLiabilities": "89704000000",
            "shortTermDebt": "23482000000",
            "currentLongTermDebt": "23482000000",
            "otherShareholderEquity": "-639000000",
            "propertyPlantEquipment": "37636000000",
            "totalCurrentAssets": "134973000000",
            "longTermInvestments": "115996000000",
            "netTangibleAssets": "96456000000",
            "shortTermInvestments": "44084000000",
            "netReceivables": "26474000000",
            "longTermDebt": "84936000000",
            "inventory": "3355000000",
            "accountsPayable": "29115000000",
            "totalPermanentEquity": "None",
            "additionalPaidInCapital": "None",
            "commonStockTotalEquity": "43371000000",
            "preferredStockTotalEquity": "None",
            "retainedEarningsTotalEquity": "53724000000",
            "treasuryStock": "None",
            "accumulatedAmortization": "None",
            "otherNonCurrrentAssets": "33634000000",
            "deferredLongTermAssetCharges": "None",
            "totalNonCurrentAssets": "187266000000",
            "capitalLeaseObligations": "None",
            "totalLongTermDebt": "84936000000",
            "otherNonCurrentLiabilities": "51143000000",
            "totalNonCurrentLiabilities": "136079000000",
            "negativeGoodwill": "None",
            "warrants": "None",
            "preferredStockRedeemable": "None",
            "capitalSurplus": "None",
            "liabilitiesAndShareholderEquity": "322239000000",
            "cashAndShortTermInvestments": "94614000000",
            "accumulatedDepreciation": "None",
            "commonStockSharesOutstanding": "4531395000"
        },
        {
            "fiscalDateEnding": "2019-03-31",
            "reportedCurrency": "USD",
            "totalAssets": "341998000000",
            "intangibleAssets": "None",
            "earningAssets": "None",
            "otherCurrentAssets": "12092000000",
            "totalLiabilities": "236138000000",
            "totalShareholderEquity": "105860000000",
            "deferredLongTermLiabilities": "None",
            "otherCurrentLiabilities": "40900000000",
            "commonStock": "42801000000",
            "retainedEarnings": "64558000000",
            "otherLiabilities": "52165000000",
            "goodwill": "None",
            "otherAssets": "34587000000",
            "cash": "37988000000",
            "totalCurrentLiabilities": "93772000000",
            "shortTermDebt": "22429000000",
            "currentLongTermDebt": "22429000000",
            "otherShareholderEquity": "-1499000000",
            "propertyPlantEquipment": "38746000000",
            "totalCurrentAssets": "123346000000",
            "longTermInvestments": "145319000000",
            "netTangibleAssets": "105860000000",
            "shortTermInvestments": "42104000000",
            "netReceivables": "26278000000",
            "longTermDebt": "90201000000",
            "inventory": "4884000000",
            "accountsPayable": "30443000000",
            "totalPermanentEquity": "None",
            "additionalPaidInCapital": "None",
            "commonStockTotalEquity": "42801000000",
            "preferredStockTotalEquity": "None",
            "retainedEarningsTotalEquity": "64558000000",
            "treasuryStock": "None",
            "accumulatedAmortization": "None",
            "otherNonCurrrentAssets": "34587000000",
            "deferredLongTermAssetCharges": "None",
            "totalNonCurrentAssets": "218652000000",
            "capitalLeaseObligations": "None",
            "totalLongTermDebt": "90201000000",
            "otherNonCurrentLiabilities": "52165000000",
            "totalNonCurrentLiabilities": "142366000000",
            "negativeGoodwill": "None",
            "warrants": "None",
            "preferredStockRedeemable": "None",
            "capitalSurplus": "None",
            "liabilitiesAndShareholderEquity": "341998000000",
            "cashAndShortTermInvestments": "80092000000",
            "accumulatedDepreciation": "None",
            "commonStockSharesOutstanding": "4607284000"
        },
        {
            "fiscalDateEnding": "2018-12-31",
            "reportedCurrency": "USD",
            "totalAssets": "373719000000",
            "intangibleAssets": "None",
            "earningAssets": "None",
            "otherCurrentAssets": "12432000000",
            "totalLiabilities": "255827000000",
            "totalShareholderEquity": "117892000000",
            "deferredLongTermLiabilities": "None",
            "otherCurrentLiabilities": "42249000000",
            "commonStock": "40970000000",
            "retainedEarnings": "80510000000",
            "otherLiabilities": "54555000000",
            "goodwill": "None",
            "otherAssets": "34686000000",
            "cash": "44771000000",
            "totalCurrentLiabilities": "108283000000",
            "shortTermDebt": "21741000000",
            "currentLongTermDebt": "9772000000",
            "otherShareholderEquity": "-3588000000",
            "propertyPlantEquipment": "39597000000",
            "totalCurrentAssets": "140828000000",
            "longTermInvestments": "158608000000",
            "netTangibleAssets": "117892000000",
            "shortTermInvestments": "41656000000",
            "netReceivables": "36981000000",
            "longTermDebt": "92989000000",
            "inventory": "4988000000",
            "accountsPayable": "44293000000",
            "totalPermanentEquity": "None",
            "additionalPaidInCapital": "None",
            "commonStockTotalEquity": "40970000000",
            "preferredStockTotalEquity": "None",
            "retainedEarningsTotalEquity": "80510000000",
            "treasuryStock": "None",
            "accumulatedAmortization": "None",
            "otherNonCurrrentAssets": "34686000000",
            "deferredLongTermAssetCharges": "None",
            "totalNonCurrentAssets": "232891000000",
            "capitalLeaseObligations": "None",
            "totalLongTermDebt": "92989000000",
            "otherNonCurrentLiabilities": "54555000000",
            "totalNonCurrentLiabilities": "147544000000",
            "negativeGoodwill": "None",
            "warrants": "None",
            "preferredStockRedeemable": "None",
            "capitalSurplus": "None",
            "liabilitiesAndShareholderEquity": "373719000000",
            "cashAndShortTermInvestments": "86427000000",
            "accumulatedDepreciation": "None",
            "commonStockSharesOutstanding": "4729803000"
        },
        {
            "fiscalDateEnding": "2018-09-30",
            "reportedCurrency": "USD",
            "totalAssets": "365725000000",
            "intangibleAssets": "0",
            "earningAssets": "None",
            "otherCurrentAssets": "12087000000",
            "totalLiabilities": "258578000000",
            "totalShareholderEquity": "107147000000",
            "deferredLongTermLiabilities": "2797000000",
            "otherCurrentLiabilities": "40230000000",
            "commonStock": "40201000000",
            "retainedEarnings": "70400000000",
            "otherLiabilities": "47977000000",
            "goodwill": "0",
            "otherAssets": "22283000000",
            "cash": "25913000000",
            "totalCurrentLiabilities": "116866000000",
            "shortTermDebt": "20748000000",
            "currentLongTermDebt": "8784000000",
            "otherShareholderEquity": "-3454000000",
            "propertyPlantEquipment": "41304000000",
            "totalCurrentAssets": "131339000000",
            "longTermInvestments": "170799000000",
            "netTangibleAssets": "107147000000",
            "shortTermInvestments": "40388000000",
            "netReceivables": "48995000000",
            "longTermDebt": "93735000000",
            "inventory": "3956000000",
            "accountsPayable": "55888000000",
            "totalPermanentEquity": "0",
            "additionalPaidInCapital": "0",
            "commonStockTotalEquity": "40201000000",
            "preferredStockTotalEquity": "0",
            "retainedEarningsTotalEquity": "70400000000",
            "treasuryStock": "0",
            "accumulatedAmortization": "None",
            "otherNonCurrrentAssets": "22283000000",
            "deferredLongTermAssetCharges": "None",
            "totalNonCurrentAssets": "234386000000",
            "capitalLeaseObligations": "None",
            "totalLongTermDebt": "93735000000",
            "otherNonCurrentLiabilities": "45180000000",
            "totalNonCurrentLiabilities": "141712000000",
            "negativeGoodwill": "None",
            "warrants": "None",
            "preferredStockRedeemable": "None",
            "capitalSurplus": "None",
            "liabilitiesAndShareholderEquity": "365725000000",
            "cashAndShortTermInvestments": "66301000000",
            "accumulatedDepreciation": "None",
            "commonStockSharesOutstanding": "4754986000"
        },
        {
            "fiscalDateEnding": "2018-06-30",
            "reportedCurrency": "USD",
            "totalAssets": "349197000000",
            "intangibleAssets": "0",
            "earningAssets": "None",
            "otherCurrentAssets": "12488000000",
            "totalLiabilities": "234248000000",
            "totalShareholderEquity": "114949000000",
            "deferredLongTermLiabilities": "2878000000",
            "otherCurrentLiabilities": "7403000000",
            "commonStock": "38624000000",
            "retainedEarnings": "79436000000",
            "otherLiabilities": "48572000000",
            "goodwill": "0",
            "otherAssets": "22546000000",
            "cash": "31971000000",
            "totalCurrentLiabilities": "88548000000",
            "shortTermDebt": "17472000000",
            "currentLongTermDebt": "5498000000",
            "otherShareholderEquity": "-3111000000",
            "propertyPlantEquipment": "38117000000",
            "totalCurrentAssets": "115761000000",
            "longTermInvestments": "172773000000",
            "netTangibleAssets": "114949000000",
            "shortTermInvestments": "38999000000",
            "netReceivables": "26367000000",
            "longTermDebt": "97128000000",
            "inventory": "5936000000",
            "accountsPayable": "63673000000",
            "totalPermanentEquity": "0",
            "additionalPaidInCapital": "0",
            "commonStockTotalEquity": "38624000000",
            "preferredStockTotalEquity": "0",
            "retainedEarningsTotalEquity": "79436000000",
            "treasuryStock": "0",
            "accumulatedAmortization": "None",
            "otherNonCurrrentAssets": "22546000000",
            "deferredLongTermAssetCharges": "None",
            "totalNonCurrentAssets": "233436000000",
            "capitalLeaseObligations": "None",
            "totalLongTermDebt": "97128000000",
            "otherNonCurrentLiabilities": "45694000000",
            "totalNonCurrentLiabilities": "145700000000",
            "negativeGoodwill": "None",
            "warrants": "None",
            "preferredStockRedeemable": "None",
            "capitalSurplus": "None",
            "liabilitiesAndShareholderEquity": "349197000000",
            "cashAndShortTermInvestments": "70970000000",
            "accumulatedDepreciation": "None",
            "commonStockSharesOutstanding": "4842917000"
        },
        {
            "fiscalDateEnding": "2018-03-31",
            "reportedCurrency": "USD",
            "totalAssets": "367502000000",
            "intangibleAssets": "0",
            "earningAssets": "None",
            "otherCurrentAssets": "12043000000",
            "totalLiabilities": "240624000000",
            "totalShareholderEquity": "126878000000",
            "deferredLongTermLiabilities": "3087000000",
            "otherCurrentLiabilities": "7775000000",
            "commonStock": "38044000000",
            "retainedEarnings": "91898000000",
            "otherLiabilities": "49942000000",
            "goodwill": "0",
            "otherAssets": "23086000000",
            "cash": "45059000000",
            "totalCurrentLiabilities": "89320000000",
            "shortTermDebt": "20478000000",
            "currentLongTermDebt": "8498000000",
            "otherShareholderEquity": "-3064000000",
            "propertyPlantEquipment": "35077000000",
            "totalCurrentAssets": "130053000000",
            "longTermInvestments": "179286000000",
            "netTangibleAssets": "126878000000",
            "shortTermInvestments": "42881000000",
            "netReceivables": "22408000000",
            "longTermDebt": "101362000000",
            "inventory": "7662000000",
            "accountsPayable": "61067000000",
            "totalPermanentEquity": "0",
            "additionalPaidInCapital": "0",
            "commonStockTotalEquity": "38044000000",
            "preferredStockTotalEquity": "0",
            "retainedEarningsTotalEquity": "91898000000",
            "treasuryStock": "0",
            "accumulatedAmortization": "None",
            "otherNonCurrrentAssets": "23086000000",
            "deferredLongTermAssetCharges": "None",
            "totalNonCurrentAssets": "237449000000",
            "capitalLeaseObligations": "None",
            "totalLongTermDebt": "101362000000",
            "otherNonCurrentLiabilities": "46855000000",
            "totalNonCurrentLiabilities": "151304000000",
            "negativeGoodwill": "None",
            "warrants": "None",
            "preferredStockRedeemable": "None",
            "capitalSurplus": "None",
            "liabilitiesAndShareholderEquity": "367502000000",
            "cashAndShortTermInvestments": "87940000000",
            "accumulatedDepreciation": "None",
            "commonStockSharesOutstanding": "4943282000"
        },
        {
            "fiscalDateEnding": "2017-12-31",
            "reportedCurrency": "USD",
            "totalAssets": "406794000000",
            "intangibleAssets": "2149000000",
            "earningAssets": "None",
            "otherCurrentAssets": "11337000000",
            "totalLiabilities": "266595000000",
            "totalShareholderEquity": "140199000000",
            "deferredLongTermLiabilities": "3131000000",
            "otherCurrentLiabilities": "8044000000",
            "commonStock": "36447000000",
            "retainedEarnings": "104593000000",
            "otherLiabilities": "46337000000",
            "goodwill": "5889000000",
            "otherAssets": "229305000000",
            "cash": "27491000000",
            "totalCurrentLiabilities": "115788000000",
            "shortTermDebt": "18478000000",
            "currentLongTermDebt": "6498000000",
            "otherShareholderEquity": "-841000000",
            "propertyPlantEquipment": "33679000000",
            "totalCurrentAssets": "143810000000",
            "longTermInvestments": "207944000000",
            "netTangibleAssets": "132161000000",
            "shortTermInvestments": "49662000000",
            "netReceivables": "50899000000",
            "longTermDebt": "103922000000",
            "inventory": "4421000000",
            "accountsPayable": "89266000000",
            "totalPermanentEquity": "0",
            "additionalPaidInCapital": "0",
            "commonStockTotalEquity": "36447000000",
            "preferredStockTotalEquity": "0",
            "retainedEarningsTotalEquity": "104593000000",
            "treasuryStock": "0",
            "accumulatedAmortization": "None",
            "otherNonCurrrentAssets": "13323000000",
            "deferredLongTermAssetCharges": "None",
            "totalNonCurrentAssets": "262984000000",
            "capitalLeaseObligations": "None",
            "totalLongTermDebt": "103922000000",
            "otherNonCurrentLiabilities": "43754000000",
            "totalNonCurrentLiabilities": "150807000000",
            "negativeGoodwill": "None",
            "warrants": "None",
            "preferredStockRedeemable": "None",
            "capitalSurplus": "None",
            "liabilitiesAndShareholderEquity": "406794000000",
            "cashAndShortTermInvestments": "77153000000",
            "accumulatedDepreciation": "None",
            "commonStockSharesOutstanding": "5081651000"
        },
        {
            "fiscalDateEnding": "2017-09-30",
            "reportedCurrency": "USD",
            "totalAssets": "375319000000",
            "intangibleAssets": "2298000000",
            "earningAssets": "None",
            "otherCurrentAssets": "13936000000",
            "totalLiabilities": "241272000000",
            "totalShareholderEquity": "134047000000",
            "deferredLongTermLiabilities": "2836000000",
            "otherCurrentLiabilities": "7548000000",
            "commonStock": "35867000000",
            "retainedEarnings": "98330000000",
            "otherLiabilities": "11747000000",
            "goodwill": "5717000000",
            "otherAssets": "212891000000",
            "cash": "20289000000",
            "totalCurrentLiabilities": "100814000000",
            "shortTermDebt": "18473000000",
            "currentLongTermDebt": "6496000000",
            "otherShareholderEquity": "-150000000",
            "propertyPlantEquipment": "33783000000",
            "totalCurrentAssets": "128645000000",
            "longTermInvestments": "194714000000",
            "netTangibleAssets": "126032000000",
            "shortTermInvestments": "53892000000",
            "netReceivables": "35673000000",
            "longTermDebt": "97207000000",
            "inventory": "4855000000",
            "accountsPayable": "74793000000",
            "totalPermanentEquity": "0",
            "additionalPaidInCapital": "0",
            "commonStockTotalEquity": "35867000000",
            "preferredStockTotalEquity": "0",
            "retainedEarningsTotalEquity": "98330000000",
            "treasuryStock": "0",
            "accumulatedAmortization": "None",
            "otherNonCurrrentAssets": "10162000000",
            "deferredLongTermAssetCharges": "None",
            "totalNonCurrentAssets": "246674000000",
            "capitalLeaseObligations": "None",
            "totalLongTermDebt": "97207000000",
            "otherNonCurrentLiabilities": "40415000000",
            "totalNonCurrentLiabilities": "140458000000",
            "negativeGoodwill": "None",
            "warrants": "None",
            "preferredStockRedeemable": "None",
            "capitalSurplus": "None",
            "liabilitiesAndShareholderEquity": "375319000000",
            "cashAndShortTermInvestments": "74181000000",
            "accumulatedDepreciation": "None",
            "commonStockSharesOutstanding": "5126201000"
        },
        {
            "fiscalDateEnding": "2017-06-30",
            "reportedCurrency": "USD",
            "totalAssets": "345173000000",
            "intangibleAssets": "2444000000",
            "earningAssets": "None",
            "otherCurrentAssets": "10338000000",
            "totalLiabilities": "212748000000",
            "totalShareholderEquity": "132425000000",
            "deferredLongTermLiabilities": "2984000000",
            "otherCurrentLiabilities": "7608000000",
            "commonStock": "34445000000",
            "retainedEarnings": "98525000000",
            "otherLiabilities": "11391000000",
            "goodwill": "5661000000",
            "otherAssets": "203012000000",
            "cash": "18571000000",
            "totalCurrentLiabilities": "81302000000",
            "shortTermDebt": "18475000000",
            "currentLongTermDebt": "108603000000",
            "otherShareholderEquity": "-545000000",
            "propertyPlantEquipment": "29286000000",
            "totalCurrentAssets": "112875000000",
            "longTermInvestments": "184757000000",
            "netTangibleAssets": "124320000000",
            "shortTermInvestments": "58188000000",
            "netReceivables": "22632000000",
            "longTermDebt": "89864000000",
            "inventory": "3146000000",
            "accountsPayable": "55219000000",
            "totalPermanentEquity": "0",
            "additionalPaidInCapital": "0",
            "commonStockTotalEquity": "34445000000",
            "preferredStockTotalEquity": "0",
            "retainedEarningsTotalEquity": "98525000000",
            "treasuryStock": "0",
            "accumulatedAmortization": "None",
            "otherNonCurrrentAssets": "10150000000",
            "deferredLongTermAssetCharges": "None",
            "totalNonCurrentAssets": "232298000000",
            "capitalLeaseObligations": "None",
            "totalLongTermDebt": "89864000000",
            "otherNonCurrentLiabilities": "38598000000",
            "totalNonCurrentLiabilities": "131446000000",
            "negativeGoodwill": "None",
            "warrants": "None",
            "preferredStockRedeemable": "None",
            "capitalSurplus": "None",
            "liabilitiesAndShareholderEquity": "345173000000",
            "cashAndShortTermInvestments": "76759000000",
            "accumulatedDepreciation": "None",
            "commonStockSharesOutstanding": "5169782000"
        },
        {
            "fiscalDateEnding": "2017-03-31",
            "reportedCurrency": "USD",
            "totalAssets": "334532000000",
            "intangibleAssets": "2617000000",
            "earningAssets": "None",
            "otherCurrentAssets": "11367000000",
            "totalLiabilities": "200450000000",
            "totalShareholderEquity": "134082000000",
            "deferredLongTermLiabilities": "3107000000",
            "otherCurrentLiabilities": "7682000000",
            "commonStock": "33579000000",
            "retainedEarnings": "100925000000",
            "otherLiabilities": "14351000000",
            "goodwill": "5473000000",
            "otherAssets": "205379000000",
            "cash": "15157000000",
            "totalCurrentLiabilities": "73342000000",
            "shortTermDebt": "13999000000",
            "currentLongTermDebt": "13991000000",
            "otherShareholderEquity": "-422000000",
            "propertyPlantEquipment": "27163000000",
            "totalCurrentAssets": "101990000000",
            "longTermInvestments": "189740000000",
            "netTangibleAssets": "125992000000",
            "shortTermInvestments": "51944000000",
            "netReceivables": "20612000000",
            "longTermDebt": "84531000000",
            "inventory": "2910000000",
            "accountsPayable": "51669000000",
            "totalPermanentEquity": "0",
            "additionalPaidInCapital": "0",
            "commonStockTotalEquity": "33579000000",
            "preferredStockTotalEquity": "0",
            "retainedEarningsTotalEquity": "100925000000",
            "treasuryStock": "0",
            "accumulatedAmortization": "None",
            "otherNonCurrrentAssets": "7549000000",
            "deferredLongTermAssetCharges": "None",
            "totalNonCurrentAssets": "232542000000",
            "capitalLeaseObligations": "None",
            "totalLongTermDebt": "84531000000",
            "otherNonCurrentLiabilities": "39470000000",
            "totalNonCurrentLiabilities": "127108000000",
            "negativeGoodwill": "None",
            "warrants": "None",
            "preferredStockRedeemable": "None",
            "capitalSurplus": "None",
            "liabilitiesAndShareholderEquity": "334532000000",
            "cashAndShortTermInvestments": "67101000000",
            "accumulatedDepreciation": "None",
            "commonStockSharesOutstanding": "5205815000"
        },
        {
            "fiscalDateEnding": "2016-12-31",
            "reportedCurrency": "USD",
            "totalAssets": "331141000000",
            "intangibleAssets": "2848000000",
            "earningAssets": "None",
            "otherCurrentAssets": "12191000000",
            "totalLiabilities": "198751000000",
            "totalShareholderEquity": "132390000000",
            "deferredLongTermLiabilities": "3163000000",
            "otherCurrentLiabilities": "7889000000",
            "commonStock": "32144000000",
            "retainedEarnings": "100001000000",
            "otherLiabilities": "14116000000",
            "goodwill": "5423000000",
            "otherAssets": "201299000000",
            "cash": "16371000000",
            "totalCurrentLiabilities": "84130000000",
            "shortTermDebt": "13992000000",
            "currentLongTermDebt": "13992000000",
            "otherShareholderEquity": "245000000",
            "propertyPlantEquipment": "26510000000",
            "totalCurrentAssets": "103332000000",
            "longTermInvestments": "185638000000",
            "netTangibleAssets": "124119000000",
            "shortTermInvestments": "44081000000",
            "netReceivables": "27977000000",
            "longTermDebt": "73557000000",
            "inventory": "2712000000",
            "accountsPayable": "62249000000",
            "totalPermanentEquity": "0",
            "additionalPaidInCapital": "0",
            "commonStockTotalEquity": "32144000000",
            "preferredStockTotalEquity": "0",
            "retainedEarningsTotalEquity": "100001000000",
            "treasuryStock": "0",
            "accumulatedAmortization": "None",
            "otherNonCurrrentAssets": "7390000000",
            "deferredLongTermAssetCharges": "None",
            "totalNonCurrentAssets": "227809000000",
            "capitalLeaseObligations": "None",
            "totalLongTermDebt": "73557000000",
            "otherNonCurrentLiabilities": "37901000000",
            "totalNonCurrentLiabilities": "114621000000",
            "negativeGoodwill": "None",
            "warrants": "None",
            "preferredStockRedeemable": "None",
            "capitalSurplus": "None",
            "liabilitiesAndShareholderEquity": "331141000000",
            "cashAndShortTermInvestments": "60452000000",
            "accumulatedDepreciation": "None",
            "commonStockSharesOutstanding": "5255423000"
        },
        {
            "fiscalDateEnding": "2016-09-30",
            "reportedCurrency": "USD",
            "totalAssets": "321686000000",
            "intangibleAssets": "3206000000",
            "earningAssets": "None",
            "otherCurrentAssets": "8283000000",
            "totalLiabilities": "193437000000",
            "totalShareholderEquity": "128249000000",
            "deferredLongTermLiabilities": "2930000000",
            "otherCurrentLiabilities": "8080000000",
            "commonStock": "31251000000",
            "retainedEarnings": "96364000000",
            "otherLiabilities": "12985000000",
            "goodwill": "5414000000",
            "otherAssets": "187807000000",
            "cash": "20484000000",
            "totalCurrentLiabilities": "79006000000",
            "shortTermDebt": "11600000000",
            "currentLongTermDebt": "3500000000",
            "otherShareholderEquity": "634000000",
            "propertyPlantEquipment": "27010000000",
            "totalCurrentAssets": "106869000000",
            "longTermInvestments": "170430000000",
            "netTangibleAssets": "119629000000",
            "shortTermInvestments": "46671000000",
            "netReceivables": "29299000000",
            "longTermDebt": "75427000000",
            "inventory": "2132000000",
            "accountsPayable": "59321000000",
            "totalPermanentEquity": "0",
            "additionalPaidInCapital": "0",
            "commonStockTotalEquity": "31251000000",
            "preferredStockTotalEquity": "0",
            "retainedEarningsTotalEquity": "96364000000",
            "treasuryStock": "0",
            "accumulatedAmortization": "None",
            "otherNonCurrrentAssets": "8757000000",
            "deferredLongTermAssetCharges": "None",
            "totalNonCurrentAssets": "214817000000",
            "capitalLeaseObligations": "None",
            "totalLongTermDebt": "75427000000",
            "otherNonCurrentLiabilities": "36074000000",
            "totalNonCurrentLiabilities": "114431000000",
            "negativeGoodwill": "None",
            "warrants": "None",
            "preferredStockRedeemable": "None",
            "capitalSurplus": "None",
            "liabilitiesAndShareholderEquity": "321686000000",
            "cashAndShortTermInvestments": "67155000000",
            "accumulatedDepreciation": "None",
            "commonStockSharesOutstanding": "5336166000"
        },
        {
            "fiscalDateEnding": "2016-06-30",
            "reportedCurrency": "USD",
            "totalAssets": "305602000000",
            "intangibleAssets": "3506000000",
            "earningAssets": "None",
            "otherCurrentAssets": "11132000000",
            "totalLiabilities": "179061000000",
            "totalShareholderEquity": "126541000000",
            "deferredLongTermLiabilities": "3064000000",
            "otherCurrentLiabilities": "8352000000",
            "commonStock": "30106000000",
            "retainedEarnings": "96542000000",
            "otherLiabilities": "14076000000",
            "goodwill": "5261000000",
            "otherAssets": "186393000000",
            "cash": "18237000000",
            "totalCurrentLiabilities": "71486000000",
            "shortTermDebt": "15996000000",
            "currentLongTermDebt": "15996000000",
            "otherShareholderEquity": "-107000000",
            "propertyPlantEquipment": "25448000000",
            "totalCurrentAssets": "93761000000",
            "longTermInvestments": "169764000000",
            "netTangibleAssets": "117774000000",
            "shortTermInvestments": "43519000000",
            "netReceivables": "19042000000",
            "longTermDebt": "68939000000",
            "inventory": "1831000000",
            "accountsPayable": "47138000000",
            "totalPermanentEquity": "0",
            "additionalPaidInCapital": "0",
            "commonStockTotalEquity": "30106000000",
            "preferredStockTotalEquity": "0",
            "retainedEarningsTotalEquity": "96542000000",
            "treasuryStock": "0",
            "accumulatedAmortization": "None",
            "otherNonCurrrentAssets": "7862000000",
            "deferredLongTermAssetCharges": "None",
            "totalNonCurrentAssets": "211841000000",
            "capitalLeaseObligations": "None",
            "totalLongTermDebt": "68939000000",
            "otherNonCurrentLiabilities": "35572000000",
            "totalNonCurrentLiabilities": "107575000000",
            "negativeGoodwill": "None",
            "warrants": "None",
            "preferredStockRedeemable": "None",
            "capitalSurplus": "None",
            "liabilitiesAndShareholderEquity": "305602000000",
            "cashAndShortTermInvestments": "61756000000",
            "accumulatedDepreciation": "None",
            "commonStockSharesOutstanding": "5393165000"
        },
        {
            "fiscalDateEnding": "2016-03-31",
            "reportedCurrency": "USD",
            "totalAssets": "305277000000",
            "intangibleAssets": "3843000000",
            "earningAssets": "None",
            "otherCurrentAssets": "10204000000",
            "totalLiabilities": "174820000000",
            "totalShareholderEquity": "130457000000",
            "deferredLongTermLiabilities": "3322000000",
            "otherCurrentLiabilities": "9461000000",
            "commonStock": "29484000000",
            "retainedEarnings": "102021000000",
            "otherLiabilities": "14226000000",
            "goodwill": "5249000000",
            "otherAssets": "194482000000",
            "cash": "21514000000",
            "totalCurrentLiabilities": "68265000000",
            "shortTermDebt": "10498000000",
            "currentLongTermDebt": "10498000000",
            "otherShareholderEquity": "-1048000000",
            "propertyPlantEquipment": "23203000000",
            "totalCurrentAssets": "87592000000",
            "longTermInvestments": "177645000000",
            "netTangibleAssets": "121365000000",
            "shortTermInvestments": "33769000000",
            "netReceivables": "19824000000",
            "longTermDebt": "69374000000",
            "inventory": "2281000000",
            "accountsPayable": "48306000000",
            "totalPermanentEquity": "0",
            "additionalPaidInCapital": "0",
            "commonStockTotalEquity": "29484000000",
            "preferredStockTotalEquity": "0",
            "retainedEarningsTotalEquity": "102021000000",
            "treasuryStock": "0",
            "accumulatedAmortization": "None",
            "otherNonCurrrentAssets": "7745000000",
            "deferredLongTermAssetCharges": "None",
            "totalNonCurrentAssets": "217685000000",
            "capitalLeaseObligations": "None",
            "totalLongTermDebt": "69374000000",
            "otherNonCurrentLiabilities": "33859000000",
            "totalNonCurrentLiabilities": "106555000000",
            "negativeGoodwill": "None",
            "warrants": "None",
            "preferredStockRedeemable": "None",
            "capitalSurplus": "None",
            "liabilitiesAndShareholderEquity": "305277000000",
            "cashAndShortTermInvestments": "55283000000",
            "accumulatedDepreciation": "None",
            "commonStockSharesOutstanding": "5478446000"
        },
        {
            "fiscalDateEnding": "2015-12-31",
            "reportedCurrency": "USD",
            "totalAssets": "293284000000",
            "intangibleAssets": "3924000000",
            "earningAssets": "None",
            "otherCurrentAssets": "11073000000",
            "totalLiabilities": "165017000000",
            "totalShareholderEquity": "128267000000",
            "deferredLongTermLiabilities": "3546000000",
            "otherCurrentLiabilities": "8989000000",
            "commonStock": "28253000000",
            "retainedEarnings": "101494000000",
            "otherLiabilities": "14104000000",
            "goodwill": "5202000000",
            "otherAssets": "194765000000",
            "cash": "16689000000",
            "totalCurrentLiabilities": "76092000000",
            "shortTermDebt": "9759000000",
            "currentLongTermDebt": "None",
            "otherShareholderEquity": "-1480000000",
            "propertyPlantEquipment": "22300000000",
            "totalCurrentAssets": "76219000000",
            "longTermInvestments": "177665000000",
            "netTangibleAssets": "119141000000",
            "shortTermInvestments": "21385000000",
            "netReceivables": "24621000000",
            "longTermDebt": "53204000000",
            "inventory": "2451000000",
            "accountsPayable": "57344000000",
            "totalPermanentEquity": "0",
            "additionalPaidInCapital": "0",
            "commonStockTotalEquity": "28253000000",
            "preferredStockTotalEquity": "0",
            "retainedEarningsTotalEquity": "101494000000",
            "treasuryStock": "0",
            "accumulatedAmortization": "None",
            "otherNonCurrrentAssets": "7974000000",
            "deferredLongTermAssetCharges": "None",
            "totalNonCurrentAssets": "217065000000",
            "capitalLeaseObligations": "None",
            "totalLongTermDebt": "53204000000",
            "otherNonCurrentLiabilities": "32175000000",
            "totalNonCurrentLiabilities": "88925000000",
            "negativeGoodwill": "None",
            "warrants": "None",
            "preferredStockRedeemable": "None",
            "capitalSurplus": "None",
            "liabilitiesAndShareholderEquity": "293284000000",
            "cashAndShortTermInvestments": "38074000000",
            "accumulatedDepreciation": "None",
            "commonStockSharesOutstanding": "5544487000"
        },
        {
            "fiscalDateEnding": "2015-09-30",
            "reportedCurrency": "USD",
            "totalAssets": "290479000000",
            "intangibleAssets": "3893000000",
            "earningAssets": "None",
            "otherCurrentAssets": "9539000000",
            "totalLiabilities": "171124000000",
            "totalShareholderEquity": "119355000000",
            "deferredLongTermLiabilities": "3624000000",
            "otherCurrentLiabilities": "8940000000",
            "commonStock": "27416000000",
            "retainedEarnings": "92284000000",
            "otherLiabilities": "12989000000",
            "goodwill": "5116000000",
            "otherAssets": "178630000000",
            "cash": "21120000000",
            "totalCurrentLiabilities": "80610000000",
            "shortTermDebt": "10999000000",
            "currentLongTermDebt": "2513000000",
            "otherShareholderEquity": "-345000000",
            "propertyPlantEquipment": "22471000000",
            "totalCurrentAssets": "89378000000",
            "longTermInvestments": "164065000000",
            "netTangibleAssets": "110346000000",
            "shortTermInvestments": "20481000000",
            "netReceivables": "35889000000",
            "longTermDebt": "53463000000",
            "inventory": "2349000000",
            "accountsPayable": "60671000000",
            "totalPermanentEquity": "0",
            "additionalPaidInCapital": "0",
            "commonStockTotalEquity": "27416000000",
            "preferredStockTotalEquity": "0",
            "retainedEarningsTotalEquity": "92284000000",
            "treasuryStock": "0",
            "accumulatedAmortization": "None",
            "otherNonCurrrentAssets": "5556000000",
            "deferredLongTermAssetCharges": "None",
            "totalNonCurrentAssets": "201101000000",
            "capitalLeaseObligations": "None",
            "totalLongTermDebt": "53463000000",
            "otherNonCurrentLiabilities": "33427000000",
            "totalNonCurrentLiabilities": "90514000000",
            "negativeGoodwill": "None",
            "warrants": "None",
            "preferredStockRedeemable": "None",
            "capitalSurplus": "None",
            "liabilitiesAndShareholderEquity": "290479000000",
            "cashAndShortTermInvestments": "41601000000",
            "accumulatedDepreciation": "None",
            "commonStockSharesOutstanding": "5578753000"
        },
        {
            "fiscalDateEnding": "2015-06-30",
            "reportedCurrency": "USD",
            "totalAssets": "273151000000",
            "intangibleAssets": "3779000000",
            "earningAssets": "None",
            "otherCurrentAssets": "9291000000",
            "totalLiabilities": "147474000000",
            "totalShareholderEquity": "125677000000",
            "deferredLongTermLiabilities": "3474000000",
            "otherCurrentLiabilities": "9088000000",
            "commonStock": "26327000000",
            "retainedEarnings": "98252000000",
            "otherLiabilities": "10231000000",
            "goodwill": "5044000000",
            "otherAssets": "181049000000",
            "cash": "15319000000",
            "totalCurrentLiabilities": "65285000000",
            "shortTermDebt": "6999000000",
            "currentLongTermDebt": "None",
            "otherShareholderEquity": "1098000000",
            "propertyPlantEquipment": "21149000000",
            "totalCurrentAssets": "70953000000",
            "longTermInvestments": "168145000000",
            "netTangibleAssets": "116854000000",
            "shortTermInvestments": "19384000000",
            "netReceivables": "24917000000",
            "longTermDebt": "47419000000",
            "inventory": "2042000000",
            "accountsPayable": "49198000000",
            "totalPermanentEquity": "0",
            "additionalPaidInCapital": "0",
            "commonStockTotalEquity": "26327000000",
            "preferredStockTotalEquity": "0",
            "retainedEarningsTotalEquity": "98252000000",
            "treasuryStock": "0",
            "accumulatedAmortization": "None",
            "otherNonCurrrentAssets": "4081000000",
            "deferredLongTermAssetCharges": "None",
            "totalNonCurrentAssets": "202198000000",
            "capitalLeaseObligations": "None",
            "totalLongTermDebt": "47419000000",
            "otherNonCurrentLiabilities": "31296000000",
            "totalNonCurrentLiabilities": "82189000000",
            "negativeGoodwill": "None",
            "warrants": "None",
            "preferredStockRedeemable": "None",
            "capitalSurplus": "None",
            "liabilitiesAndShareholderEquity": "273151000000",
            "cashAndShortTermInvestments": "34703000000",
            "accumulatedDepreciation": "None",
            "commonStockSharesOutstanding": "5705400000"
        }
    ]
}