{
    "status": "ok",
    "totalResults": 193,
    "articles": [
        {
            "source": {
                "id": null,
                "name": "Gizmodo.com"
            },
            "author": "Victoria Song",
            "title": "Even Google Puts Wear OS Second",
            "description": "In what can only be described as a self-own, Google has released a YouTube Music app for the Apple Watch... before making an equivalent version for its own smartwatch platform, Wear OS. Read more...",
            "url": "https://gizmodo.com/even-google-puts-wear-os-second-1845394315",
            "urlToImage": "https://i.kinja-img.com/gawker-media/image/upload/c_fill,f_auto,fl_progressive,g_center,h_675,pg_1,q_80,w_1200/ogsy47tatepajqkgincg.jpg",
            "publishedAt": "2020-10-16T21:00:00Z",
            "content": "In what can only be described as a self-own, Google has released a YouTube Music app for the Apple Watch... before making an equivalent version for its own smartwatch platform, Wear OS. \r\nThis is str\u2026 [+4579 chars]"
        },
        {
            "source": {
                "id": null,
                "name": "MacRumors"
            },
            "author": "Juli Clover",
            "title": "November Event Coming? Everything Apple Didn't Announce at the October Event",
            "description": "Apple has held events in September and October so far, first focusing on the Apple Watch Series 6 and iPad Air and then new iPhone 12 models and the HomePod mini. There are still a handful of products that Apple is expected to launch before the end of the yea\u2026",
            "url": "https://www.macrumors.com/guide/apple-products-still-rumored-for-2020/",
            "urlToImage": "https://images.macrumors.com/t/gp5l8hhcBaRs5G8nh68jo751eLE=/2020x/https://images.macrumors.com/article-new/2020/10/november-event-thumb-1.jpg",
            "publishedAt": "2020-10-16T21:43:56Z",
            "content": "Apple has held events in September and October so far, first focusing on the Apple Watch Series 6 and iPad Air and then new iPhone 12 models and the HomePod mini. There are still a handful of product\u2026 [+6081 chars]"
        },
        {
            "source": {
                "id": null,
                "name": "MacRumors"
            },
            "author": "Juli Clover",
            "title": "Apple Offering Free AirPods With iPhone 11 Purchase in India as Part of Diwali Celebration",
            "description": "Apple today launched a new Diwali promotion in India that will see the company providing customers with a set of AirPods with the purchase of any iPhone 11 model. The new iPhone 12 models are not part of the promotion.\n\n\n\n\n\nApple is offering the standard \u200cAir\u2026",
            "url": "https://www.macrumors.com/2020/10/16/india-free-airpods-with-purchase/",
            "urlToImage": "https://images.macrumors.com/t/xtqIg2l4rECBfIiOJuzh5EWG3Ak=/1935x/https://images.macrumors.com/article-new/2020/10/diwaliapplestorepromo.jpg",
            "publishedAt": "2020-10-16T19:35:29Z",
            "content": "Apple today launched a new Diwali promotion in India that will see the company providing customers with a set of AirPods with the purchase of any iPhone 11 model. The new iPhone 12 models are not par\u2026 [+1010 chars]"
        },
        {
            "source": {
                "id": "reuters",
                "name": "Reuters"
            },
            "author": "Reuters Editorial",
            "title": "Stocks that'll gain off the iPhone 12: fund manager - Reuters",
            "description": "Jackson Square Capital's Andrew Graham identifies the stocks of Apple suppliers that could benefit the most from sales of the newly released 5G iPhone. He also tells Reuters' Fred Katayama which ones to avoid.",
            "url": "https://www.reuters.com/video/watch/idRCV008V6V",
            "urlToImage": "https://static.reuters.com/resources/r/?d=20201016&i=RCV008V6V&r=RCV008V6V&t=2",
            "publishedAt": "2020-10-16T19:44:49Z",
            "content": "Posted \r\nJackson Square Capital's Andrew Graham identifies the stocks of Apple suppliers that could benefit the most from sales of the newly released 5G iPhone. He also tells Reuters' Fred Katayama w\u2026 [+18 chars]"
        },
        {
            "source": {
                "id": "business-insider",
                "name": "Business Insider"
            },
            "author": "Meira Gebel",
            "title": "How to leave a review and rating on the Apple Podcasts app, and view all of your reviews later",
            "description": "Summary List Placement\n\nIf you're a podcast fanatic and want to shower your favorite show or host with genuine praise, writing a review in Apple's Podcast app is the perfect place.\u00a0\nLeaving a review, whether good or bad, is simple and can be done in just a fe\u2026",
            "url": "https://www.businessinsider.com/how-to-leave-a-review-on-apple-podcasts",
            "urlToImage": "https://i.insider.com/5f89f5619e9fe40019009ded?width=1200&format=jpeg",
            "publishedAt": "2020-10-16T21:55:00Z",
            "content": "If you're a podcast fanatic and want to shower your favorite show or host with genuine praise, writing a review in Apple's Podcast app is the perfect place.\u00a0\r\nLeaving a review, whether good or bad, i\u2026 [+2394 chars]"
        },
        {
            "source": {
                "id": null,
                "name": "MacRumors"
            },
            "author": "Joe Rossignol",
            "title": "HomePod Mini Cable is Non-Detachable, Ends With USB-C Connector for Use With Included 20W Power Adapter",
            "description": "While not detailed in the tech specs, MacRumors can confirm that Apple's new HomePod mini features a non-detachable power cable that ends with a USB-C connector for use with the 20W power adapter included in the box.\n\n\n\n\n\nWith the switch to USB-C, the \u200cHomePo\u2026",
            "url": "https://www.macrumors.com/2020/10/16/homepod-mini-has-usb-c-power-cable/",
            "urlToImage": "https://images.macrumors.com/t/LzmREgW3xEb14IjNz91AiPg8hNY=/1600x/https://images.macrumors.com/article-new/2020/10/homepod-mini-power-cable.jpg",
            "publishedAt": "2020-10-16T19:45:10Z",
            "content": "While not detailed in the tech specs, MacRumors can confirm that Apple's new HomePod mini features a non-detachable power cable that ends with a USB-C connector for use with the 20W power adapter inc\u2026 [+1493 chars]"
        },
        {
            "source": {
                "id": null,
                "name": "MacRumors"
            },
            "author": "Hartley Charlton",
            "title": "iPhone 12 Pro vs. iPhone 12 Pro Max Buyer's Guide",
            "description": "This month, Apple unveiled the iPhone 12 Pro and \u200ciPhone 12 Pro\u200c Max as the successors to the popular iPhone 11 Pro and iPhone 11 Pro Max, with a new squared-off industrial design, the A14 Bionic chip, a LiDAR Scanner, and MagSafe. As Apple's premium flagship\u2026",
            "url": "https://www.macrumors.com/guide/iphone-12-pro-vs-iphone-12-pro-max/",
            "urlToImage": "https://images.macrumors.com/t/WbJoKDeA0Ym_gBS_5f_x1spFYZg=/2000x/https://images.macrumors.com/article-new/2020/10/iphone-12-mini-max-screen-safari.jpg",
            "publishedAt": "2020-10-16T20:43:37Z",
            "content": "This month, Apple unveiled the iPhone 12 Pro and \u200ciPhone 12 Pro\u200c Max as the successors to the popular iPhone 11 Pro and iPhone 11 Pro Max, with a new squared-off industrial design, the A14 Bionic chi\u2026 [+7038 chars]"
        },
        {
            "source": {
                "id": null,
                "name": "9to5Mac"
            },
            "author": "Michael Potuck",
            "title": "PSA: Verizon customers might need to change plans to use iPhone 12 with 5G",
            "description": "In the process of ordering an iPhone 12, I noticed what seemed like a strange alert that I needed to change my Verizon plan to be able to use 5G. That\u2019s despite having what I thought was the carrier\u2019s latest unlimited plan. Follow along for how to make sure y\u2026",
            "url": "https://9to5mac.com/2020/10/16/how-to-get-5g-verizon-plan/",
            "urlToImage": "https://9to5mac.com/wp-content/uploads/sites/6/2020/10/how-to-get-5g-verizon-plan-iphone-12.jpg?quality=82&strip=all",
            "publishedAt": "2020-10-16T20:05:09Z",
            "content": "In the process of ordering an iPhone 12, I noticed what seemed like a strange alert that I needed to change my Verizon plan to be able to use 5G. That\u2019s despite having what I thought was the carrier\u2019\u2026 [+3161 chars]"
        },
        {
            "source": {
                "id": "bloomberg",
                "name": "Bloomberg"
            },
            "author": null,
            "title": "Apple Introduces iPhone 12 with 5G (Podcast)",
            "description": null,
            "url": "https://www.bloomberg.com/news/audio/2020-10-16/apple-introduces-iphone-12-with-5g-podcast",
            "urlToImage": null,
            "publishedAt": "2020-10-16T21:41:53Z",
            "content": null
        },
        {
            "source": {
                "id": "bloomberg",
                "name": "Bloomberg"
            },
            "author": null,
            "title": "Apple Introduces iPhone 12 with 5G (Podcast)",
            "description": null,
            "url": "https://www.bloomberg.com/news/audio/2020-10-16/apple-introduces-iphone-12-with-5g-podcast-kgcsijom",
            "urlToImage": null,
            "publishedAt": "2020-10-16T21:54:46Z",
            "content": null
        },
        {
            "source": {
                "id": null,
                "name": "Gizmodo.com"
            },
            "author": "Sam Rutherford",
            "title": "Google Is Bucking Trends with the Pixel 5, and It's Awesome",
            "description": "Ever since Google bought a big chunk of HTC and began integrating its U.S. and Taiwan teams (the Pixel 3a was the first Pixel primarily designed in Taiwan), it\u2019s felt like Google has been a bit confused about the Pixel\u2019s direction. Two years ago we got a larg\u2026",
            "url": "https://gizmodo.com/google-is-bucking-trends-with-the-pixel-5-and-its-awes-1845386771",
            "urlToImage": "https://i.kinja-img.com/gawker-media/image/upload/c_fill,f_auto,fl_progressive,g_center,h_675,pg_1,q_80,w_1200/leexncrxzfdpp0satprw.jpg",
            "publishedAt": "2020-10-16T20:10:00Z",
            "content": "Ever since Google bought a big chunk of HTC and began integrating its U.S. and Taiwan teams (the Pixel 3a was the first Pixel primarily designed in Taiwan), its felt like Google has been a bit confus\u2026 [+10605 chars]"
        },
        {
            "source": {
                "id": null,
                "name": "PocketNow"
            },
            "author": "Nadeem Sarwar",
            "title": "Apple might finally launch the AirPods Studio in March next year",
            "description": "In addition to AirPods Studio's debut next year, leaks also suggest the arrival of an in-display Touch ID module on Apple hardware.\nThe post Apple might finally launch the AirPods Studio in March next year appeared first on Pocketnow.",
            "url": "https://pocketnow.com/apple-might-finally-launch-the-airpods-studio-in-march-next-year",
            "urlToImage": "https://pocketnow.com/wp/../files/2020/09/airpods_Studio_jon_prosser.jpg",
            "publishedAt": "2020-10-16T22:05:52Z",
            "content": "Ever since renders of Apple\u2019s (allegedly) upcoming over-the-ear headphones \u2013 the AirPods Studio \u2013 surfaced online, there\u2019s been a lot of chatter about them. There were rumors aplenty, claiming that t\u2026 [+4433 chars]"
        },
        {
            "source": {
                "id": null,
                "name": "GSMArena.com"
            },
            "author": "Peter",
            "title": "Apple to introduce the first ARM-powered Macs on November 17",
            "description": "This month Apple is dealing with the first iPhone 12 pre-orders and sales, starting with the 12 and 12 Pro. The other two will come next month, but November will be marked with another major event \u2013 the official introduction of Apple-powered MacBooks.\n\nThe co\u2026",
            "url": "https://www.gsmarena.com/apple_will_allegedly_introduce_the_first_armpowered_macs_on_november_17-news-45838.php",
            "urlToImage": "https://fdn.gsmarena.com/imgroot/news/20/10/arm-mac-event-november-17/-476x249w4/gsmarena_000.jpg",
            "publishedAt": "2020-10-16T20:02:01Z",
            "content": "This month Apple is dealing with the first iPhone 12 pre-orders and sales, starting with the 12 and 12 Pro. The other two will come next month, but November will be marked with another major event th\u2026 [+1293 chars]"
        },
        {
            "source": {
                "id": null,
                "name": "Motley Fool"
            },
            "author": "newsfeedback@fool.com (Chris Hill)",
            "title": "How to Think About Apple iPhones",
            "description": "Our hosts share their perspectives on the positioning of the latest iPhone 12 devices.",
            "url": "https://www.fool.com/investing/2020/10/16/how-to-think-about-apple-iphones/",
            "urlToImage": "https://g.foolcdn.com/editorial/images/595387/cover_mf.jpg",
            "publishedAt": "2020-10-16T22:51:48Z",
            "content": "In this episode of MarketFoolery, Chris Hill chats with Motley Fool analyst Tim Beyers about the latest headlines and earnings reports from Wall Street. They discuss the latest generation of iPhones \u2026 [+13004 chars]"
        },
        {
            "source": {
                "id": null,
                "name": "Everydaycarry.com"
            },
            "author": "Marcin",
            "title": "Daily Essentials",
            "description": "submitted by Marcin<ul><li>Apple Watch Series 6 (44mm GPS, cyprus Green sport loop)</li><li>Rite in the Rain All Weather Tactical Pocket Notebooks 3</li><li>Spyderco Chaparral Lightweight</li><li>Apple AirPods 2019</li><li>Apple Magic Mouse 2 (MLA02LL/A)</li>\u2026",
            "url": "https://everydaycarry.com/posts/41333/daily-essentials",
            "urlToImage": "https://cdn.everydaycarry.com/thumbnails/20-10-12/15f83f3ee513cb.jpg",
            "publishedAt": "2020-10-16T23:00:00Z",
            "content": "Disclosure : Everyday Carry is a participant in the Amazon Services LLC Associates Program, an affiliate advertising program designed to provide a means for sites to earn advertising fees by advertis\u2026 [+28 chars]"
        },
        {
            "source": {
                "id": null,
                "name": "Techdirt"
            },
            "author": "Copia Institute",
            "title": "Content Moderation Case Study: Apple Removes Games Containing Confederate Flags (June 2015)",
            "description": "Summary: On June 17, 2015, South Carolina native Dylann Roof entered a church in Charleston, South Carolina and killed nine Black attendees. Roof was an avowed white supremacist as his consequent convictions on hate crime charges attest. Roof also published a\u2026",
            "url": "https://www.techdirt.com/articles/20201016/14285345521/content-moderation-case-study-apple-removes-games-containing-confederate-flags-june-2015.shtml",
            "urlToImage": "https://ii.techdirt.com/s/t/i/td_icon_300.png",
            "publishedAt": "2020-10-16T22:35:12Z",
            "content": "from the historical-relevancy dept\r\nSummary: On June 17, 2015, South Carolina native Dylann Roof entered a church in Charleston, South Carolina and killed nine Black attendees. Roof was an avowed whi\u2026 [+3958 chars]"
        },
        {
            "source": {
                "id": null,
                "name": "Macworld"
            },
            "author": "Juliet Beauchamp,\n\nMichael Simon,\n\nKen Mingis, Juliet Beauchamp,\n\nMichael Simon,\n\nKen Mingis",
            "title": "What the iPhone 12 means for 5G",
            "description": "Apple will almost certainly sell millions of iPhone 12s. With millions of new 5G users, will carriers accelerate the rate of 5G deployment? And when can consumers expect to get the most out of 5G speeds? Computerworld executive editor Ken Mingis and Macworld \u2026",
            "url": "https://www.macworld.com/article/2840353/what-the-iphone-12-means-for-5g.html#tk.rss_all",
            "urlToImage": null,
            "publishedAt": "2020-10-16T21:00:00Z",
            "content": null
        },
        {
            "source": {
                "id": null,
                "name": "iphonehacks.com"
            },
            "author": "Mahit Huilgol",
            "title": "Apple\u2019s Latest Ad Touts iPhone 12 as \u2018the Most Powerful iPhone Ever\u2019",
            "description": "Earlier this week Apple unveiled the new iPhone 12 and the iPhone 12 Pro series. Now we are getting to see multiple campaigns and advertisements promoting the latest iPhones. Apple uploaded a new iPhone 12 and iPhone 12 Pro ad on YouTube that says the iPhone \u2026",
            "url": "https://www.iphonehacks.com/?p=149484",
            "urlToImage": "https://www.iphonehacks.com/wp-content/uploads/2020/10/iphone-12-pro.png",
            "publishedAt": "2020-10-16T20:03:49Z",
            "content": "Earlier this week Apple unveiled the new iPhone 12 and the iPhone 12 Pro series. Now we are getting to see multiple campaigns and advertisements promoting the latest iPhones. Apple uploaded a new iPh\u2026 [+1388 chars]"
        },
        {
            "source": {
                "id": "business-insider",
                "name": "Business Insider"
            },
            "author": "Dave Johnson",
            "title": "How to delete podcasts stored on your Apple Watch from your iPhone's Watch app",
            "description": "Summary List PlacementBy default, your Apple Watch syncs one episode of each podcast you are subscribed to, but if you have manually downloaded podcasts to your watch, they can take up a lot of precious storage space. You can clear out that space by deleting \u2026",
            "url": "https://www.businessinsider.com/how-to-delete-podcasts-from-apple-watch",
            "urlToImage": "https://i.insider.com/5f876f90ea23a5001903d71d?width=1200&format=jpeg",
            "publishedAt": "2020-10-16T22:48:00Z",
            "content": "By default, your Apple Watch syncs one episode of each podcast you are subscribed to, but if you have manually downloaded podcasts to your watch, they can take up a lot of precious storage space. You\u2026 [+1782 chars]"
        },
        {
            "source": {
                "id": null,
                "name": "PocketNow"
            },
            "author": "Prakhar Khanna",
            "title": "Apple iPad Air 4th Gen is now available to pre-order starting today",
            "description": "The WiFi-only model will set you back by $599, while the cellular model will erase a minimum of $729 from your bank account.\nThe post Apple iPad Air 4th Gen is now available to pre-order starting today appeared first on Pocketnow.",
            "url": "https://pocketnow.com/apple-ipad-air-4th-gen-is-now-available-to-pre-order-starting-today",
            "urlToImage": "https://pocketnow.com/wp/../files/2020/09/Screen-Shot-2020-09-15-at-11.49.56-AM-1280x716.png",
            "publishedAt": "2020-10-16T19:53:55Z",
            "content": "Apple launched\u00a0the 4th Gen iPad Air, alongside the\u00a08th Gen iPad recently. The company has introduced a new design language and refreshed the internals with iPad Pro\u2019s parts. The new iPad Air also com\u2026 [+2674 chars]"
        }
    ]
}