{
    "Symbol": "AAPL",
    "AssetType": "Common Stock",
    "Name": "Apple Inc",
    "Description": "Apple Inc. designs, manufactures, and markets smartphones, personal computers, tablets, wearables, and accessories worldwide. It also sells various related services. The company offers iPhone, a line of smartphones; Mac, a line of personal computers; iPad, a line of multi-purpose tablets; and wearables, home, and accessories comprising AirPods, Apple TV, Apple Watch, Beats products, HomePod, iPod touch, and other Apple-branded and third-party accessories. It also provides digital content stores and streaming services; AppleCare support services; and iCloud, a cloud service, which stores music, photos, contacts, calendars, mail, documents, and others. In addition, the company offers various service, such as Apple Arcade, a game subscription service; Apple Card, a co-branded credit card; Apple News+, a subscription news and magazine service; and Apple Pay, a cashless payment service, as well as licenses its intellectual property, and provides other related services. The company serves consumers, and small and mid-sized businesses; and the education, enterprise, and government markets. It sells and delivers third-party applications for its products through the App Store, Mac App Store, and Watch App Store. The company also sells its products through its retail and online stores, and direct sales force; and third-party cellular network carriers, wholesalers, retailers, and resellers. Apple Inc. has a collaboration with Google to develop COVID-19 tracking system for Android and iOS devices. Apple Inc. was founded in 1977 and is headquartered in Cupertino, California.",
    "Exchange": "NASDAQ",
    "Currency": "USD",
    "Country": "USA",
    "Sector": "Technology",
    "Industry": "Consumer Electronics",
    "Address": "One Apple Park Way, Cupertino, CA, United States, 95014",
    "FullTimeEmployees": "137000",
    "FiscalYearEnd": "September",
    "LatestQuarter": "2020-06-30",
    "MarketCapitalization": "2051171155968",
    "EBITDA": "78671003648",
    "PERatio": "36.6065",
    "PEGRatio": "2.9803",
    "BookValue": "4.218",
    "DividendPerShare": "0.82",
    "DividendYield": "0.0068",
    "EPS": "3.296",
    "RevenuePerShareTTM": "15.579",
    "ProfitMargin": "0.2133",
    "OperatingMarginTTM": "0.2452",
    "ReturnOnAssetsTTM": "0.1312",
    "ReturnOnEquityTTM": "0.6925",
    "RevenueTTM": "273857003520",
    "GrossProfitTTM": "98392000000",
    "DilutedEPSTTM": "3.296",
    "QuarterlyEarningsGrowthYOY": "0.183",
    "QuarterlyRevenueGrowthYOY": "0.109",
    "AnalystTargetPrice": "121.43",
    "TrailingPE": "36.6065",
    "ForwardPE": "31.348",
    "PriceToSalesRatioTTM": "7.817",
    "PriceToBookRatio": "28.561",
    "EVToRevenue": "7.6103",
    "EVToEBITDA": "25.1408",
    "Beta": "1.3144",
    "52WeekHigh": "515.14",
    "52WeekLow": "103.1",
    "50DayMovingAverage": "116.8679",
    "200DayMovingAverage": "94.9031",
    "SharesOutstanding": "17102499840",
    "SharesFloat": "17084920388",
    "SharesShort": "88087882",
    "SharesShortPriorMonth": "90218872",
    "ShortRatio": "0.47",
    "ShortPercentOutstanding": "0.01",
    "ShortPercentFloat": "0.0052",
    "PercentInsiders": "0.066",
    "PercentInstitutions": "62.115",
    "ForwardAnnualDividendRate": "0.82",
    "ForwardAnnualDividendYield": "0.0068",
    "PayoutRatio": "0.2418",
    "DividendDate": "2020-08-13",
    "ExDividendDate": "2020-08-07",
    "LastSplitFactor": "4:1",
    "LastSplitDate": "2020-08-31"
}