{
    "status": "ok",
    "totalResults": 70,
    "articles": [
        {
            "source": {
                "id": "cnn",
                "name": "CNN"
            },
            "author": "Story by Bronte Lord and Richa Naik, CNN Business\nVideo by Richa Naik and Sofia Barrett, CNN Business",
            "title": "He went down the QAnon rabbit hole for two years. Here's how he got out - CNN",
            "description": "This man was sucked into QAnon for two years. Here's how he escaped the virtual cult.",
            "url": "https://www.cnn.com/2020/10/16/tech/qanon-believer-how-he-got-out/index.html",
            "urlToImage": "https://cdn.cnn.com/cnnnext/dam/assets/201007171510-restricted-01-jitarth-jideja-super-tease.jpg",
            "publishedAt": "2020-10-16T22:28:00Z",
            "content": "One day in June 2019, Jitarth Jadeja went outside to smoke a cigarette. For two years he'd been in the virtual cult of QAnon. But now he'd watched a YouTube video that picked apart the last element o\u2026 [+13151 chars]"
        },
        {
            "source": {
                "id": "the-washington-post",
                "name": "The Washington Post"
            },
            "author": "Carolyn Y. Johnson",
            "title": "Pfizer says it will not have a coronavirus vaccine until late November, allaying fears of a rush for approval before Election Day - The Washington Post",
            "description": "Pfizer chief executive Albert Bourla confirmed Friday the company will not file for regulatory authorization until the third week of November.",
            "url": "https://www.washingtonpost.com/health/2020/10/16/vaccine-before-election-day/",
            "urlToImage": "https://www.washingtonpost.com/wp-apps/imrs.php?src=https://arc-anglerfish-washpost-prod-washpost.s3.amazonaws.com/public/3B6RWYQPVUI6XNAERUPGOXWHAE.jpg&w=1440",
            "publishedAt": "2020-10-16T21:39:00Z",
            "content": "Chief executive Albert Bourla wrote in the letter that while the company projects it may have enough data to determine whether the vaccine is effective in October, there will not be sufficient safety\u2026 [+3843 chars]"
        },
        {
            "source": {
                "id": "google-news",
                "name": "Google News"
            },
            "author": null,
            "title": "Pfizer board member Dr. Scott Gottlieb details likelihood of coronavirus vaccine in late November - CNBC Television",
            "description": null,
            "url": "https://news.google.com/__i/rss/rd/articles/CBMiK2h0dHBzOi8vd3d3LnlvdXR1YmUuY29tL3dhdGNoP3Y9Wm1FSExvYW9oWkHSAQA?oc=5",
            "urlToImage": null,
            "publishedAt": "2020-10-16T21:01:17Z",
            "content": null
        },
        {
            "source": {
                "id": "cnn",
                "name": "CNN"
            },
            "author": null,
            "title": "Mayra Joli identified as 'nodding woman' at Trump town hall - CNN",
            "description": "CNN's Brianna Keilar talks to Alex Daugherty of the Miami Herald about Mayra Joli, the woman seen enthusiastically nodding behind President Donald Trump during a town hall appearance on NBC.",
            "url": "https://www.cnn.com/videos/politics/2020/10/16/mayra-joli-trump-town-hall-nodding-woman-keilar-sot-crn-vpx.cnn",
            "urlToImage": "https://cdn.cnn.com/cnnnext/dam/assets/201016155104-mayra-joli-trump-town-hall-nbc-super-tease.jpg",
            "publishedAt": "2020-10-16T20:07:50Z",
            "content": null
        },
        {
            "source": {
                "id": null,
                "name": "Honolulu Star-Advertiser"
            },
            "author": "Allison Schaefers",
            "title": "Final count of passengers arriving in Hawaii Thursday tops 10,000 - Honolulu Star-Advertiser",
            "description": "The final count of arriving passengers on Thursday was 10,102 \u2014 an even more robust reopening of Hawaii tourism than preliminary counts showed.",
            "url": "https://www.staradvertiser.com/2020/10/16/breaking-news/final-count-of-arriving-passengers-in-hawaii-thursday-topped-10000/",
            "urlToImage": "https://www.staradvertiser.com/wp-content/uploads/2020/10/web1_20201016_brk_hnl01.jpg",
            "publishedAt": "2020-10-16T19:54:42Z",
            "content": "The final count of arriving passengers on Thursday was 10,102 \u2014 an even more robust reopening of Hawaii tourism than preliminary counts showed.\r\nHawaii Lt. Gov. Josh Green said today that a final Thu\u2026 [+2541 chars]"
        },
        {
            "source": {
                "id": null,
                "name": "Fox Business"
            },
            "author": "Brittany De Lea",
            "title": "Trump announces CVS, Walgreens free coronavirus vaccines deal to help seniors - Fox Business",
            "description": "Residents in all types of long-term care facilities will be able to access the vaccine at no charge.",
            "url": "https://www.foxbusiness.com/healthcare/trump-cvs-walgreens-deal-seniors-coronavirus-vaccine",
            "urlToImage": "https://a57.foxnews.com/static.foxbusiness.com/foxbusiness.com/content/uploads/2020/09/0/0/corona-vaccine-free.jpg?ve=1&tl=1",
            "publishedAt": "2020-10-16T19:50:15Z",
            "content": "Two major pharmacies will\u00a0help distribute a pending coronavirus vaccine to American seniors once it becomes available, the Trump administration announced on Friday.\r\nHealth and Human Services Secreta\u2026 [+1265 chars]"
        },
        {
            "source": {
                "id": null,
                "name": "Gizmodo.com"
            },
            "author": "John Biggs",
            "title": "Hackers Allegedly Stole Over 3 Million Customer Credit Cards From Dickey's Barbecue Pit - Gizmodo",
            "description": "Hackers are currently selling a trove of 3 million credit card numbers and customer records apparently stolen from Dickey\u2019s Barbecue Pit, one of the biggest barbecue chains in the United States.",
            "url": "https://gizmodo.com/hackers-allegedly-stole-over-3-million-customer-credit-1845395477",
            "urlToImage": "https://i.kinja-img.com/gawker-media/image/upload/c_fill,f_auto,fl_progressive,g_center,h_675,pg_1,q_80,w_1200/ftblugdnpsk0qtorhhd4.jpg",
            "publishedAt": "2020-10-16T19:20:00Z",
            "content": "Hackers are currently selling a trove of 3 million credit card numbers and customer records apparently stolen from Dickeys Barbecue Pit, one of the biggest barbecue chains in the United States. \r\nThe\u2026 [+2050 chars]"
        },
        {
            "source": {
                "id": null,
                "name": "CNBC"
            },
            "author": "Hannah Miao",
            "title": "Treasury encouraged banks to prioritize PPP loans for existing clients, hurting minority and women-owned small businesses, House report says - CNBC",
            "description": "Limiting PPP lending to existing customers disproportionately hurt minority and women-owned business, a House oversight subcommittee reports.",
            "url": "https://www.cnbc.com/2020/10/16/treasury-encouraged-banks-to-prioritize-ppp-loans-for-existing-clients.html",
            "urlToImage": "https://image.cnbcfm.com/api/v1/image/106600046-1594070018080ppp.jpg?v=1602864339",
            "publishedAt": "2020-10-16T18:50:00Z",
            "content": "The Treasury Department privately encouraged banks to prioritize existing clients when implementing the federal government's Paycheck Protection Program that provided coronavirus relief to small busi\u2026 [+4415 chars]"
        },
        {
            "source": {
                "id": "ars-technica",
                "name": "Ars Technica"
            },
            "author": "Timothy B. Lee",
            "title": "Nikola stock falls 14 percent after CEO downplays Badger truck plans - Ars Technica",
            "description": "\u201cCore business plan\u201d is \u201cheavy trucks and hydrogen infrastructure,\u201d CEO says.",
            "url": "https://arstechnica.com/cars/2020/10/nikola-ceo-downplays-badger-truck-as-gm-negotiations-drag-on/",
            "urlToImage": "https://cdn.arstechnica.net/wp-content/uploads/2020/09/nikola-truck-dissolving-760x380.jpg",
            "publishedAt": "2020-10-16T18:42:00Z",
            "content": "Fabermetrics wrote:\"&gt;show nested quotes\r\nHave they ever explained how they plan to make hydrogen cost effective? Or is it one of those WeWork \"we'll figure it out once we're rich\" things.\r\nAt a hi\u2026 [+1474 chars]"
        },
        {
            "source": {
                "id": "usa-today",
                "name": "USA Today"
            },
            "author": "Chelsey Cox",
            "title": "Fact check: Biden voted to tax Social Security, wants to reform retirement benefits - USA TODAY",
            "description": "As a senator, Joe Biden voted to tax Social Security benefits. As a presidential hopeful, he does not propose taxing property or retirement accounts.",
            "url": "https://www.usatoday.com/story/news/factcheck/2020/10/16/fact-check-joe-biden-okd-social-security-taxes-wants-savings-reform/5896512002/",
            "urlToImage": "https://www.gannett-cdn.com/presto/2020/08/12/USAT/86e41e32-558e-4f2b-b835-7d9703b77fda-desk_thumb.jpg?crop=1911,1075,x8,y0&width=1600&height=800&fit=bounds",
            "publishedAt": "2020-10-16T18:37:24Z",
            "content": "Joe Biden and President Trump joust about tax codes and the president's tax returns.\r\nUSA TODAY\r\nThe claim: Biden voted in favor of taxing Social Security\r\nDemocratic presidential candidate Joe Biden\u2026 [+5876 chars]"
        },
        {
            "source": {
                "id": "reuters",
                "name": "Reuters"
            },
            "author": "Koh Gui Qing",
            "title": "GLOBAL MARKETS-Pfizer vaccine hopes lift world stocks; dollar, gold on the defensive - Reuters",
            "description": "Global shares rose on Friday while safe-havens such as the dollar softened as investors welcomed news that drugmaker Pfizer Inc could have a coronavirus vaccine ready in the United States by the end of this year.",
            "url": "https://ca.reuters.com/article/global-markets-idINL1N2H711Q",
            "urlToImage": "https://s1.reutersmedia.net/resources_v2/images/rcom-default.png?w=800",
            "publishedAt": "2020-10-16T18:22:00Z",
            "content": "(Updates prices, adds context)\r\nNEW YORK, Oct 16 (Reuters) - Global shares rose on Friday while safe-havens such as the dollar softened as investors welcomed news that drugmaker Pfizer Inc could have\u2026 [+4614 chars]"
        },
        {
            "source": {
                "id": "ars-technica",
                "name": "Ars Technica"
            },
            "author": "Ars Staff",
            "title": "Grab leftover Prime Day deals on AirPods Pro, Roku streamers, and more - Ars Technica",
            "description": "Dealmaster also has new deals on Dell monitors, Bluetooth speakers, and more.",
            "url": "https://arstechnica.com/staff/2020/10/best-prime-day-2020-deals-still-available/",
            "urlToImage": "https://cdn.arstechnica.net/wp-content/uploads/2020/10/dealmaster101620-760x380.jpg",
            "publishedAt": "2020-10-16T18:21:00Z",
            "content": "0 with 0 posters participating\r\nAmazon Prime Day may be over, but the Dealmaster never stops. Today's discount roundup includes a number of Prime Day deals that are still available despite Amazon's s\u2026 [+6512 chars]"
        },
        {
            "source": {
                "id": null,
                "name": "OilPrice.com"
            },
            "author": "Tom Kool",
            "title": "COVID Kills Another Oil Rally - OilPrice.com",
            "description": "Yet another oil price rally has been cut short by COVID, with cases climbing in both the U.S. and across Europe as hopes of speedy oil demand recovery fade",
            "url": "https://oilprice.com/Energy/Energy-General/COVID-Kills-Another-Oil-Rally.html",
            "urlToImage": "https://d32r1sh890xpii.cloudfront.net/article/718x300/2020-10-16_m7dcen80op.jpg",
            "publishedAt": "2020-10-16T18:00:00Z",
            "content": "The U.S. oil rig count\u2026\r\nOver 100,000 oil jobs have\u2026\r\nOil prices will struggle to\u2026\r\nBy Tom Kool - Oct 16, 2020, 1:00 PM CDTYet another oil price rally has been cut short by COVID, with cases climbing\u2026 [+6077 chars]"
        },
        {
            "source": {
                "id": "the-hill",
                "name": "The Hill"
            },
            "author": "Jordan Williams",
            "title": "Billionaire who said he would pay off Morehouse student debt admits to tax fraud | TheHill - The Hill",
            "description": "Robert Smith, the billionaire who went viral last year for paying...",
            "url": "https://thehill.com/policy/finance/521389-billionaire-who-said-he-would-pay-off-morehouse-student-debt-admits-to-tax",
            "urlToImage": "https://thehill.com/sites/default/files/smithrobert_morehouse_052019bloomberg.png",
            "publishedAt": "2020-10-16T17:59:59Z",
            "content": "Robert Smith, the billionaire who went viral last year for paying off the debt of students at Morehouse College, admitted to an illegal scheme to conceal income and evade taxes by using offshore trus\u2026 [+2072 chars]"
        },
        {
            "source": {
                "id": null,
                "name": "KMBC Kansas City"
            },
            "author": "KMBC 9 News Staff",
            "title": "Amazon announces new fulfillment center at old Woodlands site in Kansas City, Kansas - KMBC Kansas City",
            "description": "Amazon has other fulfillment centers locally in Kansas City, Kansas, Lenexa and Edgerton.",
            "url": "https://www.kmbc.com/article/amazon-announces-new-fulfillment-center-at-old-woodlands-site-in-kansas-city-kansas/34397907",
            "urlToImage": "https://kubrick.htvapps.com/vidthumb/abba2363-e1af-4562-9ac4-bda93a94d3a6/abba2363-e1af-4562-9ac4-bda93a94d3a6_image.jpg?crop=1xw:1.0xh;center,top&resize=1200:*",
            "publishedAt": "2020-10-16T17:55:00Z",
            "content": "KANSAS CITY, Kan. \u2014Online retailer Amazon plans to use the location of the old Woodlands Racetrack in Kansas City, Kansas, as the land for a $110 million fulfillment center, Kansas Gov. Laura Kelly a\u2026 [+1279 chars]"
        },
        {
            "source": {
                "id": null,
                "name": "MarketWatch"
            },
            "author": "Tomi Kilgore",
            "title": "Schlumberger's stock suffers biggest post-earnings selloff in 13 years - MarketWatch",
            "description": "Oil services company shares fall to 6-month low after adjusted profit beats expectations but revenue falls shy as drilling business misses",
            "url": "https://www.marketwatch.com/story/schlumbergers-stock-tumbles-toward-biggest-post-earnings-selloff-in-13-years-11602870527",
            "urlToImage": "https://images.mktw.net/im-246047/social",
            "publishedAt": "2020-10-16T17:48:00Z",
            "content": "Shares of Schlumberger Ltd. tumbled Friday, enough for the oil services companys third-quarter results to be the most disappointing for investors in 13 years.Before the open, the company \r\n SLB,\r\n -8\u2026 [+1870 chars]"
        },
        {
            "source": {
                "id": null,
                "name": "Gizmodo.com"
            },
            "author": "Shoshana Wodinsky",
            "title": "Facebook Promises To Get Undisclosed Sponcon Under Control - Gizmodo",
            "description": "Following a two year investigation by UK authorities into undisclosed #sponcon running rampant on Instagram, the platform\u2014and its parent company, Facebook\u2014are following their suggestions to  make it a bit harder for influencers to sneak covert ads onto our fe\u2026",
            "url": "https://gizmodo.com/facebook-promises-to-get-undisclosed-sponcon-under-cont-1845392041",
            "urlToImage": "https://i.kinja-img.com/gawker-media/image/upload/c_fill,f_auto,fl_progressive,g_center,h_675,pg_1,q_80,w_1200/kpxvz5rkducyqbteyexx.jpg",
            "publishedAt": "2020-10-16T17:40:00Z",
            "content": "Following a two year investigation by UK authorities into undisclosed #sponcon running rampant on Instagram, the platformand its parent company, Facebookare following their suggestions to make it a b\u2026 [+2623 chars]"
        },
        {
            "source": {
                "id": null,
                "name": "CleanTechnica"
            },
            "author": "https://www.facebook.com/zachary.shahan",
            "title": "Tesla Model 3 Gets More Range, New Trim, Power Lift Trunk, Heat Pump, Quicker Acceleration - CleanTechnica",
            "description": "The Tesla Model 3 has officially been updated and the various improvements are now visible on Tesla's order page for the car",
            "url": "https://cleantechnica.com/2020/10/16/tesla-model-3-gets-more-range-new-trim-power-lift-trunk-heat-pump-quicker-acceleration/",
            "urlToImage": "https://cleantechnica.com/files/2020/10/Tesla-Model-3-white-new-options-range-price-interior.png",
            "publishedAt": "2020-10-16T17:26:13Z",
            "content": "CarsPublished on October 16th, 2020 |\r\n by Zachary Shahan\r\n0\r\nOctober 16th, 2020 by Zachary Shahan\u00a0\r\nThe Tesla Model 3 has officially been updated and the various improvements are now visible on Tesl\u2026 [+2292 chars]"
        },
        {
            "source": {
                "id": null,
                "name": "WSLS 10"
            },
            "author": "Jeff Williamson",
            "title": "Country Cookin is permanently closing all its locations after Sunday - WSLS 10",
            "description": "While some Country Cookin restaurants have already closed, the company announced on Friday that Sunday will be the last day for all of its restaurants.",
            "url": "https://www.wsls.com/news/local/2020/10/16/country-cookin-is-permanently-closing-all-its-locations-after-sunday/",
            "urlToImage": "https://www.wsls.com/resizer/KMddHj61x96R-sRa9qIofbMdeiI=/1600x900/smart/filters:format(jpeg):strip_exif(true):strip_icc(true):no_upscale(true):quality(65)/d1vhqlrjc8h82r.cloudfront.net/10-16-2020/t_6048c58578c24952bd34e0cdcd8ada29_name_image.jpg",
            "publishedAt": "2020-10-16T17:17:00Z",
            "content": "While some Country Cookin restaurants have already closed, the company announced on Friday that Sunday will be the last day for all of its restaurants.\r\nThe company posted the following message to it\u2026 [+1183 chars]"
        },
        {
            "source": {
                "id": null,
                "name": "MarketWatch"
            },
            "author": "Andrew Keshner",
            "title": "Trump says: \u2018I\u2019m ready to sign a big, beautiful stimulus\u2019 \u2014 but many Americans are not banking on it - MarketWatch",
            "description": "\u2018Without knowing when the next round of stimulus and relief measures will arrive, many people continued to keep their expenses low\u2019",
            "url": "https://www.marketwatch.com/story/trump-says-im-ready-to-sign-a-big-beautiful-stimulus-but-it-doesnt-look-like-many-americans-are-counting-on-it-2020-10-16",
            "urlToImage": "https://s.marketwatch.com/public/resources/images/MW-IR300_TrumpT_ZG_20201016122911.jpg",
            "publishedAt": "2020-10-16T17:14:00Z",
            "content": "President Donald Trump is ready to sign a big, beautiful stimulus, he said during a Thursday night town hall, despite ongoing talks that include skeptics in the Republican-controlled Senate and, earl\u2026 [+5634 chars]"
        }
    ]
}