{
    "AAPL": [
        {
            "t": 1540267200,
            "o": 215.83,
            "h": 223.25,
            "l": 214.7,
            "c": 222.9,
            "v": 36787089
        },
        {
            "t": 1540353600,
            "o": 222.6,
            "h": 224.23,
            "l": 214.54,
            "c": 215.06,
            "v": 36197804
        },
        {
            "t": 1540440000,
            "o": 217.71,
            "h": 222.44,
            "l": 216.75,
            "c": 219.85,
            "v": 22758164
        },
        {
            "t": 1540526400,
            "o": 215.9,
            "h": 220.19,
            "l": 212.67,
            "c": 216.03,
            "v": 41258595
        },
        {
            "t": 1540785600,
            "o": 219.255,
            "h": 219.69,
            "l": 206.09,
            "c": 212.55,
            "v": 36069395
        },
        {
            "t": 1540872000,
            "o": 211.15,
            "h": 215.18,
            "l": 209.27,
            "c": 213.33,
            "v": 29704603
        },
        {
            "t": 1540958400,
            "o": 216.88,
            "h": 220.45,
            "l": 216.62,
            "c": 218.75,
            "v": 31900983
        },
        {
            "t": 1541044800,
            "o": 219.07,
            "h": 222.36,
            "l": 216.81,
            "c": 222.05,
            "v": 40261246
        },
        {
            "t": 1541131200,
            "o": 209.55,
            "h": 213.89,
            "l": 205.43,
            "c": 206.14,
            "v": 82917876
        },
        {
            "t": 1541394000,
            "o": 204.3,
            "h": 204.39,
            "l": 198.17,
            "c": 201.59,
            "v": 51670747
        },
        {
            "t": 1541480400,
            "o": 201.92,
            "h": 204.72,
            "l": 201.69,
            "c": 203.78,
            "v": 27934956
        },
        {
            "t": 1541566800,
            "o": 205.89,
            "h": 210.01,
            "l": 204.13,
            "c": 209.91,
            "v": 26705827
        },
        {
            "t": 1541653200,
            "o": 209.94,
            "h": 210.12,
            "l": 206.75,
            "c": 208.49,
            "v": 19216333
        },
        {
            "t": 1541739600,
            "o": 205.55,
            "h": 206.01,
            "l": 202.25,
            "c": 204.47,
            "v": 23852926
        },
        {
            "t": 1541998800,
            "o": 198.9,
            "h": 199.85,
            "l": 193.79,
            "c": 194.2,
            "v": 40614690
        },
        {
            "t": 1542085200,
            "o": 191.63,
            "h": 197.18,
            "l": 191.4501,
            "c": 192.23,
            "v": 35553485
        },
        {
            "t": 1542171600,
            "o": 193.9,
            "h": 194.48,
            "l": 185.93,
            "c": 186.76,
            "v": 57202350
        },
        {
            "t": 1542258000,
            "o": 188.39,
            "h": 193.99,
            "l": 186.9,
            "c": 191.5,
            "v": 42306727
        },
        {
            "t": 1542344400,
            "o": 190.5,
            "h": 194.9695,
            "l": 189.46,
            "c": 193.58,
            "v": 34044307
        },
        {
            "t": 1542603600,
            "o": 190,
            "h": 190.7,
            "l": 184.99,
            "c": 185.85,
            "v": 37092706
        },
        {
            "t": 1542690000,
            "o": 178.37,
            "h": 181.47,
            "l": 175.51,
            "c": 177.01,
            "v": 63109179
        },
        {
            "t": 1542776400,
            "o": 179.73,
            "h": 180.27,
            "l": 176.55,
            "c": 176.82,
            "v": 27395649
        },
        {
            "t": 1542949200,
            "o": 174.94,
            "h": 176.595,
            "l": 172.1,
            "c": 172.25,
            "v": 21939557
        },
        {
            "t": 1543208400,
            "o": 174.24,
            "h": 174.95,
            "l": 170.26,
            "c": 174.58,
            "v": 40367186
        },
        {
            "t": 1543294800,
            "o": 171.51,
            "h": 174.77,
            "l": 170.88,
            "c": 174.245,
            "v": 37132335
        },
        {
            "t": 1543381200,
            "o": 176.73,
            "h": 181.29,
            "l": 174.93,
            "c": 180.96,
            "v": 42264101
        },
        {
            "t": 1543467600,
            "o": 182.66,
            "h": 182.8,
            "l": 177.7,
            "c": 179.55,
            "v": 38797596
        },
        {
            "t": 1543554000,
            "o": 180.29,
            "h": 180.33,
            "l": 177.03,
            "c": 178.6,
            "v": 28559844
        },
        {
            "t": 1543813200,
            "o": 184.46,
            "h": 184.94,
            "l": 181.21,
            "c": 184.93,
            "v": 35606774
        },
        {
            "t": 1543899600,
            "o": 180.95,
            "h": 182.3899,
            "l": 176.27,
            "c": 176.67,
            "v": 35659368
        },
        {
            "t": 1544072400,
            "o": 171.76,
            "h": 174.78,
            "l": 170.42,
            "c": 174.77,
            "v": 38911135
        },
        {
            "t": 1544158800,
            "o": 173.49,
            "h": 174.49,
            "l": 168.3,
            "c": 168.38,
            "v": 37358874
        },
        {
            "t": 1544418000,
            "o": 165,
            "h": 170.09,
            "l": 163.33,
            "c": 169.61,
            "v": 57206552
        },
        {
            "t": 1544504400,
            "o": 171.66,
            "h": 171.79,
            "l": 167,
            "c": 168.67,
            "v": 41305424
        },
        {
            "t": 1544590800,
            "o": 170.4,
            "h": 171.92,
            "l": 169.02,
            "c": 169.04,
            "v": 30803351
        },
        {
            "t": 1544677200,
            "o": 170.49,
            "h": 172.57,
            "l": 169.22,
            "c": 170.82,
            "v": 29424166
        },
        {
            "t": 1544763600,
            "o": 169,
            "h": 169.08,
            "l": 165.28,
            "c": 165.4,
            "v": 36692953
        },
        {
            "t": 1545022800,
            "o": 165.45,
            "h": 168.35,
            "l": 162.73,
            "c": 163.97,
            "v": 37985427
        },
        {
            "t": 1545109200,
            "o": 165.38,
            "h": 167.53,
            "l": 164.39,
            "c": 165.87,
            "v": 29845988
        },
        {
            "t": 1545195600,
            "o": 166,
            "h": 167.45,
            "l": 158.7,
            "c": 160.76,
            "v": 41382586
        },
        {
            "t": 1545282000,
            "o": 160.4,
            "h": 162.11,
            "l": 155.3,
            "c": 156.84,
            "v": 58947341
        },
        {
            "t": 1545368400,
            "o": 156.86,
            "h": 158.16,
            "l": 149.63,
            "c": 150.85,
            "v": 72723677
        },
        {
            "t": 1545627600,
            "o": 148.15,
            "h": 151.55,
            "l": 146.44,
            "c": 146.62,
            "v": 34312501
        },
        {
            "t": 1545800400,
            "o": 148.3,
            "h": 157.22,
            "l": 146.72,
            "c": 157.18,
            "v": 52488787
        },
        {
            "t": 1545886800,
            "o": 155.84,
            "h": 156.77,
            "l": 150.07,
            "c": 156.12,
            "v": 46950454
        },
        {
            "t": 1545973200,
            "o": 157.47,
            "h": 158.52,
            "l": 154.55,
            "c": 156.07,
            "v": 37588889
        },
        {
            "t": 1546232400,
            "o": 158.53,
            "h": 159.36,
            "l": 156.51,
            "c": 156.7,
            "v": 29014557
        },
        {
            "t": 1546405200,
            "o": 154.89,
            "h": 158.85,
            "l": 154.23,
            "c": 157.5225,
            "v": 27803621
        },
        {
            "t": 1546491600,
            "o": 143.98,
            "h": 145.72,
            "l": 142,
            "c": 142.29,
            "v": 82418448
        },
        {
            "t": 1546578000,
            "o": 144.53,
            "h": 148.5499,
            "l": 143.8,
            "c": 148.12,
            "v": 51267225
        },
        {
            "t": 1546837200,
            "o": 148.7,
            "h": 148.83,
            "l": 145.9,
            "c": 147.91,
            "v": 49982480
        },
        {
            "t": 1546923600,
            "o": 149.56,
            "h": 151.82,
            "l": 148.52,
            "c": 150.63,
            "v": 36592406
        },
        {
            "t": 1547010000,
            "o": 151.29,
            "h": 154.53,
            "l": 149.63,
            "c": 153.37,
            "v": 40827842
        },
        {
            "t": 1547096400,
            "o": 152.5,
            "h": 153.97,
            "l": 150.86,
            "c": 153.55,
            "v": 32553301
        },
        {
            "t": 1547182800,
            "o": 152.88,
            "h": 153.7,
            "l": 151.51,
            "c": 152.0534,
            "v": 22850904
        },
        {
            "t": 1547442000,
            "o": 150.85,
            "h": 151.27,
            "l": 149.22,
            "c": 149.76,
            "v": 26038136
        },
        {
            "t": 1547528400,
            "o": 150.27,
            "h": 153.39,
            "l": 150.05,
            "c": 152.95,
            "v": 25862287
        },
        {
            "t": 1547614800,
            "o": 153.08,
            "h": 155.88,
            "l": 153,
            "c": 154.91,
            "v": 27032885
        },
        {
            "t": 1547701200,
            "o": 154.2,
            "h": 157.66,
            "l": 153.26,
            "c": 155.53,
            "v": 26717099
        },
        {
            "t": 1547787600,
            "o": 157.5,
            "h": 157.88,
            "l": 155.9806,
            "c": 156.57,
            "v": 30450605
        },
        {
            "t": 1548133200,
            "o": 156.41,
            "h": 156.73,
            "l": 152.62,
            "c": 152.93,
            "v": 24086204
        },
        {
            "t": 1548219600,
            "o": 154.15,
            "h": 155.14,
            "l": 151.7,
            "c": 153.6799,
            "v": 20246607
        },
        {
            "t": 1548306000,
            "o": 154.11,
            "h": 154.48,
            "l": 151.74,
            "c": 152.63,
            "v": 20669415
        },
        {
            "t": 1548392400,
            "o": 155.48,
            "h": 158.13,
            "l": 154.32,
            "c": 157.5,
            "v": 29575048
        },
        {
            "t": 1548651600,
            "o": 155.79,
            "h": 156.28,
            "l": 153.66,
            "c": 156.0878,
            "v": 22270959
        },
        {
            "t": 1548738000,
            "o": 156.25,
            "h": 158.13,
            "l": 154.11,
            "c": 154.5,
            "v": 30723484
        },
        {
            "t": 1548824400,
            "o": 163.25,
            "h": 166.15,
            "l": 160.23,
            "c": 165.49,
            "v": 49026033
        },
        {
            "t": 1548910800,
            "o": 166.11,
            "h": 169,
            "l": 164.56,
            "c": 166.6249,
            "v": 31699885
        },
        {
            "t": 1548997200,
            "o": 166.96,
            "h": 168.98,
            "l": 165.93,
            "c": 166.62,
            "v": 25342728
        },
        {
            "t": 1549256400,
            "o": 167.41,
            "h": 171.655,
            "l": 167.28,
            "c": 170.99,
            "v": 26912592
        },
        {
            "t": 1549342800,
            "o": 172.86,
            "h": 175.08,
            "l": 172.3501,
            "c": 174.01,
            "v": 31860037
        },
        {
            "t": 1549429200,
            "o": 174.65,
            "h": 175.57,
            "l": 172.8531,
            "c": 174.1699,
            "v": 25696142
        },
        {
            "t": 1549515600,
            "o": 172.4,
            "h": 173.94,
            "l": 170.34,
            "c": 170.64,
            "v": 28233078
        },
        {
            "t": 1549602000,
            "o": 168.99,
            "h": 170.66,
            "l": 168.42,
            "c": 170.04,
            "v": 20428524
        },
        {
            "t": 1549861200,
            "o": 171.05,
            "h": 171.21,
            "l": 169.25,
            "c": 169.43,
            "v": 17954651
        },
        {
            "t": 1549947600,
            "o": 170.1,
            "h": 171,
            "l": 169.7,
            "c": 170.7384,
            "v": 18989903
        },
        {
            "t": 1550034000,
            "o": 171.39,
            "h": 172.48,
            "l": 169.92,
            "c": 169.98,
            "v": 19353125
        },
        {
            "t": 1550120400,
            "o": 169.71,
            "h": 171.2615,
            "l": 169.38,
            "c": 170.98,
            "v": 18263570
        },
        {
            "t": 1550206800,
            "o": 171.25,
            "h": 171.7,
            "l": 169.75,
            "c": 170.25,
            "v": 22555013
        },
        {
            "t": 1550552400,
            "o": 169.71,
            "h": 171.44,
            "l": 169.49,
            "c": 170.8499,
            "v": 16672024
        },
        {
            "t": 1550638800,
            "o": 171.19,
            "h": 173.32,
            "l": 170.99,
            "c": 172.09,
            "v": 22439817
        },
        {
            "t": 1550725200,
            "o": 171.8,
            "h": 172.37,
            "l": 170.3,
            "c": 171.14,
            "v": 15647117
        },
        {
            "t": 1550811600,
            "o": 171.58,
            "h": 173,
            "l": 171.38,
            "c": 172.97,
            "v": 15245361
        },
        {
            "t": 1551070800,
            "o": 174.16,
            "h": 175.87,
            "l": 173.95,
            "c": 174.26,
            "v": 19540227
        },
        {
            "t": 1551157200,
            "o": 173.71,
            "h": 175.3,
            "l": 173.1732,
            "c": 174.35,
            "v": 14716104
        },
        {
            "t": 1551243600,
            "o": 173.26,
            "h": 175,
            "l": 172.73,
            "c": 174.88,
            "v": 22914417
        },
        {
            "t": 1551330000,
            "o": 174.32,
            "h": 174.91,
            "l": 172.92,
            "c": 173.2,
            "v": 19815729
        },
        {
            "t": 1551416400,
            "o": 174.28,
            "h": 175.15,
            "l": 172.89,
            "c": 174.97,
            "v": 20830861
        },
        {
            "t": 1551675600,
            "o": 175.69,
            "h": 177.75,
            "l": 173.97,
            "c": 175.86,
            "v": 24195978
        },
        {
            "t": 1551762000,
            "o": 175.94,
            "h": 176,
            "l": 174.54,
            "c": 175.51,
            "v": 15413946
        },
        {
            "t": 1551848400,
            "o": 174.67,
            "h": 175.49,
            "l": 173.94,
            "c": 174.51,
            "v": 17535168
        },
        {
            "t": 1551934800,
            "o": 174.02,
            "h": 174.44,
            "l": 172.02,
            "c": 172.47,
            "v": 20110131
        },
        {
            "t": 1552021200,
            "o": 170.32,
            "h": 173.07,
            "l": 169.5,
            "c": 172.92,
            "v": 19475688
        },
        {
            "t": 1552276800,
            "o": 175.49,
            "h": 179.12,
            "l": 175.35,
            "c": 178.98,
            "v": 26225966
        },
        {
            "t": 1552363200,
            "o": 180,
            "h": 182.67,
            "l": 179.37,
            "c": 180.94,
            "v": 27277399
        },
        {
            "t": 1552449600,
            "o": 182.25,
            "h": 183.3,
            "l": 180.92,
            "c": 181.72,
            "v": 23960992
        },
        {
            "t": 1552536000,
            "o": 183.9,
            "h": 184.1,
            "l": 182.56,
            "c": 183.73,
            "v": 19457731
        },
        {
            "t": 1552622400,
            "o": 184.66,
            "h": 187.33,
            "l": 184.66,
            "c": 186.21,
            "v": 21750706
        },
        {
            "t": 1552881600,
            "o": 185.8,
            "h": 188.39,
            "l": 185.79,
            "c": 188.03,
            "v": 22563772
        },
        {
            "t": 1552968000,
            "o": 188.35,
            "h": 188.99,
            "l": 185.92,
            "c": 186.54,
            "v": 26863005
        },
        {
            "t": 1553054400,
            "o": 186.23,
            "h": 189.49,
            "l": 184.73,
            "c": 188.17,
            "v": 26974003
        },
        {
            "t": 1553140800,
            "o": 190.02,
            "h": 196.33,
            "l": 189.81,
            "c": 195.05,
            "v": 42720798
        },
        {
            "t": 1553227200,
            "o": 195.34,
            "h": 197.69,
            "l": 190.78,
            "c": 191.06,
            "v": 38334323
        },
        {
            "t": 1553486400,
            "o": 191.55,
            "h": 191.98,
            "l": 186.6,
            "c": 188.77,
            "v": 40742481
        },
        {
            "t": 1553572800,
            "o": 191.64,
            "h": 192.88,
            "l": 184.58,
            "c": 186.79,
            "v": 43454017
        },
        {
            "t": 1553659200,
            "o": 188.75,
            "h": 189.76,
            "l": 186.55,
            "c": 188.47,
            "v": 26586290
        },
        {
            "t": 1553745600,
            "o": 188.95,
            "h": 189.559,
            "l": 187.53,
            "c": 188.71,
            "v": 19309376
        },
        {
            "t": 1553832000,
            "o": 189.99,
            "h": 190.08,
            "l": 188.54,
            "c": 189.94,
            "v": 18489986
        },
        {
            "t": 1554091200,
            "o": 191.64,
            "h": 191.68,
            "l": 188.38,
            "c": 191.24,
            "v": 12098014
        },
        {
            "t": 1554177600,
            "o": 191.09,
            "h": 194.46,
            "l": 191.05,
            "c": 194.04,
            "v": 19797454
        },
        {
            "t": 1554264000,
            "o": 193.25,
            "h": 196.5,
            "l": 193.15,
            "c": 195.35,
            "v": 19793141
        },
        {
            "t": 1554350400,
            "o": 194.79,
            "h": 196.37,
            "l": 193.14,
            "c": 195.72,
            "v": 17091108
        },
        {
            "t": 1554436800,
            "o": 196.45,
            "h": 197.1,
            "l": 195.93,
            "c": 196.97,
            "v": 15842943
        },
        {
            "t": 1554696000,
            "o": 196.42,
            "h": 200.23,
            "l": 196.34,
            "c": 200.08,
            "v": 23231403
        },
        {
            "t": 1554782400,
            "o": 200.32,
            "h": 202.85,
            "l": 199.23,
            "c": 199.5,
            "v": 32840959
        },
        {
            "t": 1554868800,
            "o": 198.68,
            "h": 200.74,
            "l": 198.18,
            "c": 200.66,
            "v": 19861942
        },
        {
            "t": 1554955200,
            "o": 200.85,
            "h": 201,
            "l": 198.4431,
            "c": 198.95,
            "v": 17931789
        },
        {
            "t": 1555041600,
            "o": 199.2,
            "h": 200.14,
            "l": 196.21,
            "c": 198.88,
            "v": 24667735
        },
        {
            "t": 1555300800,
            "o": 198.58,
            "h": 199.85,
            "l": 198.01,
            "c": 199.23,
            "v": 14551176
        },
        {
            "t": 1555387200,
            "o": 199.46,
            "h": 201.37,
            "l": 198.56,
            "c": 199.25,
            "v": 24002891
        },
        {
            "t": 1555473600,
            "o": 199.54,
            "h": 203.38,
            "l": 198.61,
            "c": 203.12,
            "v": 27366117
        },
        {
            "t": 1555560000,
            "o": 203.12,
            "h": 204.15,
            "l": 202.52,
            "c": 203.86,
            "v": 21928367
        },
        {
            "t": 1555905600,
            "o": 202.83,
            "h": 204.94,
            "l": 202.34,
            "c": 204.64,
            "v": 13720923
        },
        {
            "t": 1555992000,
            "o": 204.43,
            "h": 207.75,
            "l": 203.9,
            "c": 207.51,
            "v": 19401417
        },
        {
            "t": 1556078400,
            "o": 207.36,
            "h": 208.48,
            "l": 207.05,
            "c": 207.18,
            "v": 14914939
        },
        {
            "t": 1556164800,
            "o": 206.83,
            "h": 207.76,
            "l": 205.12,
            "c": 205.24,
            "v": 15908807
        },
        {
            "t": 1556251200,
            "o": 204.9,
            "h": 205,
            "l": 202.12,
            "c": 204.29,
            "v": 16315669
        },
        {
            "t": 1556510400,
            "o": 204.4,
            "h": 205.97,
            "l": 203.86,
            "c": 204.61,
            "v": 19641066
        },
        {
            "t": 1556596800,
            "o": 203.06,
            "h": 203.4,
            "l": 199.11,
            "c": 200.57,
            "v": 35362106
        },
        {
            "t": 1556683200,
            "o": 209.88,
            "h": 215.31,
            "l": 209.23,
            "c": 210.52,
            "v": 57751414
        },
        {
            "t": 1556769600,
            "o": 209.84,
            "h": 212.65,
            "l": 208.13,
            "c": 209.17,
            "v": 29014844
        },
        {
            "t": 1556856000,
            "o": 210.74,
            "h": 211.84,
            "l": 210.23,
            "c": 211.78,
            "v": 17987793
        },
        {
            "t": 1557115200,
            "o": 204.29,
            "h": 208.84,
            "l": 203.5,
            "c": 208.6,
            "v": 28949691
        },
        {
            "t": 1557201600,
            "o": 205.88,
            "h": 207.4175,
            "l": 200.825,
            "c": 202.86,
            "v": 34328425
        },
        {
            "t": 1557288000,
            "o": 201.9,
            "h": 205.34,
            "l": 201.75,
            "c": 202.9,
            "v": 22729670
        },
        {
            "t": 1557374400,
            "o": 200.4,
            "h": 201.68,
            "l": 196.66,
            "c": 200.72,
            "v": 32427147
        },
        {
            "t": 1557460800,
            "o": 197.419,
            "h": 198.85,
            "l": 192.77,
            "c": 197.3,
            "v": 36118438
        },
        {
            "t": 1557720000,
            "o": 187.71,
            "h": 189.48,
            "l": 182.85,
            "c": 185.72,
            "v": 50491792
        },
        {
            "t": 1557806400,
            "o": 186.41,
            "h": 189.7,
            "l": 185.41,
            "c": 188.65,
            "v": 31498214
        },
        {
            "t": 1557892800,
            "o": 186.27,
            "h": 191.75,
            "l": 186.02,
            "c": 190.92,
            "v": 23655393
        },
        {
            "t": 1557979200,
            "o": 189.91,
            "h": 192.4689,
            "l": 188.84,
            "c": 190.14,
            "v": 28660083
        },
        {
            "t": 1558065600,
            "o": 186.93,
            "h": 190.9,
            "l": 186.76,
            "c": 188.98,
            "v": 29246990
        },
        {
            "t": 1558324800,
            "o": 183.52,
            "h": 184.349,
            "l": 180.2839,
            "c": 183.09,
            "v": 33285709
        },
        {
            "t": 1558411200,
            "o": 185.22,
            "h": 188,
            "l": 184.7,
            "c": 186.59,
            "v": 23901501
        },
        {
            "t": 1558497600,
            "o": 184.66,
            "h": 185.71,
            "l": 182.55,
            "c": 182.79,
            "v": 26540561
        },
        {
            "t": 1558584000,
            "o": 179.8,
            "h": 180.54,
            "l": 177.81,
            "c": 179.67,
            "v": 31272923
        },
        {
            "t": 1558670400,
            "o": 180.2,
            "h": 182.14,
            "l": 178.62,
            "c": 179.06,
            "v": 21514327
        },
        {
            "t": 1559016000,
            "o": 178.9,
            "h": 180.59,
            "l": 177.91,
            "c": 178.17,
            "v": 22515281
        },
        {
            "t": 1559102400,
            "o": 176.42,
            "h": 179.35,
            "l": 176,
            "c": 177.35,
            "v": 26177083
        },
        {
            "t": 1559188800,
            "o": 177.95,
            "h": 179.23,
            "l": 176.67,
            "c": 178.25,
            "v": 19579368
        },
        {
            "t": 1559275200,
            "o": 176.22,
            "h": 177.985,
            "l": 174.99,
            "c": 175,
            "v": 22909538
        },
        {
            "t": 1559534400,
            "o": 175.6,
            "h": 177.92,
            "l": 170.27,
            "c": 173.28,
            "v": 36721281
        },
        {
            "t": 1559620800,
            "o": 175.44,
            "h": 179.83,
            "l": 174.52,
            "c": 179.67,
            "v": 27174311
        },
        {
            "t": 1559707200,
            "o": 184.28,
            "h": 184.99,
            "l": 181.14,
            "c": 182.541,
            "v": 26260553
        },
        {
            "t": 1559793600,
            "o": 183.08,
            "h": 185.47,
            "l": 182.1489,
            "c": 185.23,
            "v": 18504740
        },
        {
            "t": 1559880000,
            "o": 186.51,
            "h": 191.92,
            "l": 185.77,
            "c": 190.14,
            "v": 26413228
        },
        {
            "t": 1560139200,
            "o": 191.81,
            "h": 195.37,
            "l": 191.62,
            "c": 192.52,
            "v": 23763115
        },
        {
            "t": 1560225600,
            "o": 194.82,
            "h": 196,
            "l": 193.6,
            "c": 194.81,
            "v": 22631965
        },
        {
            "t": 1560312000,
            "o": 193.95,
            "h": 195.97,
            "l": 193.385,
            "c": 194.19,
            "v": 16299683
        },
        {
            "t": 1560398400,
            "o": 194.7,
            "h": 196.79,
            "l": 193.6,
            "c": 194.74,
            "v": 35633462
        },
        {
            "t": 1560484800,
            "o": 191.545,
            "h": 193.5863,
            "l": 190.3,
            "c": 192.745,
            "v": 31598181
        },
        {
            "t": 1560744000,
            "o": 192.9,
            "h": 194.96,
            "l": 192.17,
            "c": 193.95,
            "v": 12831457
        },
        {
            "t": 1560830400,
            "o": 196,
            "h": 200.29,
            "l": 195.21,
            "c": 198.5,
            "v": 23433567
        },
        {
            "t": 1560916800,
            "o": 199.68,
            "h": 199.88,
            "l": 197.31,
            "c": 197.86,
            "v": 17581620
        },
        {
            "t": 1561003200,
            "o": 200.37,
            "h": 200.61,
            "l": 198.03,
            "c": 199.3794,
            "v": 18470638
        },
        {
            "t": 1561089600,
            "o": 198.8,
            "h": 200.85,
            "l": 198.15,
            "c": 198.8,
            "v": 30026975
        },
        {
            "t": 1561348800,
            "o": 198.54,
            "h": 200.16,
            "l": 198.17,
            "c": 198.55,
            "v": 14762379
        },
        {
            "t": 1561435200,
            "o": 198.43,
            "h": 199.26,
            "l": 195.29,
            "c": 195.57,
            "v": 18361798
        },
        {
            "t": 1561521600,
            "o": 197.83,
            "h": 200.99,
            "l": 197.35,
            "c": 199.8,
            "v": 22499633
        },
        {
            "t": 1561608000,
            "o": 200.29,
            "h": 201.57,
            "l": 199.57,
            "c": 199.73,
            "v": 15460769
        },
        {
            "t": 1561694400,
            "o": 199.24,
            "h": 199.4,
            "l": 197.05,
            "c": 197.92,
            "v": 18773228
        },
        {
            "t": 1561953600,
            "o": 203.17,
            "h": 204.49,
            "l": 200.65,
            "c": 201.68,
            "v": 24084814
        },
        {
            "t": 1562040000,
            "o": 201.41,
            "h": 203.1323,
            "l": 201.36,
            "c": 202.71,
            "v": 15693876
        },
        {
            "t": 1562126400,
            "o": 203.27,
            "h": 204.44,
            "l": 202.6901,
            "c": 204.41,
            "v": 9285267
        },
        {
            "t": 1562299200,
            "o": 203.35,
            "h": 205.08,
            "l": 202.9,
            "c": 204.25,
            "v": 14933941
        },
        {
            "t": 1562558400,
            "o": 200.81,
            "h": 201.4,
            "l": 198.41,
            "c": 200.01,
            "v": 21987224
        },
        {
            "t": 1562644800,
            "o": 199.2,
            "h": 201.51,
            "l": 198.81,
            "c": 201.22,
            "v": 17767726
        },
        {
            "t": 1562731200,
            "o": 201.91,
            "h": 203.73,
            "l": 201.56,
            "c": 203.21,
            "v": 15615143
        },
        {
            "t": 1562817600,
            "o": 203.31,
            "h": 204.39,
            "l": 201.72,
            "c": 201.74,
            "v": 16021915
        },
        {
            "t": 1562904000,
            "o": 202.45,
            "h": 204,
            "l": 202.2,
            "c": 203.24,
            "v": 15272214
        },
        {
            "t": 1563163200,
            "o": 204.09,
            "h": 205.87,
            "l": 204,
            "c": 205.2,
            "v": 14419116
        },
        {
            "t": 1563249600,
            "o": 204.59,
            "h": 206.11,
            "l": 203.5,
            "c": 204.49,
            "v": 14501634
        },
        {
            "t": 1563336000,
            "o": 204.05,
            "h": 205.0915,
            "l": 203.27,
            "c": 203.28,
            "v": 11652445
        },
        {
            "t": 1563422400,
            "o": 204,
            "h": 205.88,
            "l": 203.7,
            "c": 205.66,
            "v": 15375748
        },
        {
            "t": 1563508800,
            "o": 205.79,
            "h": 206.5,
            "l": 202.36,
            "c": 202.57,
            "v": 18834365
        },
        {
            "t": 1563768000,
            "o": 203.65,
            "h": 207.23,
            "l": 203.61,
            "c": 207.22,
            "v": 18906200
        },
        {
            "t": 1563854400,
            "o": 208.46,
            "h": 208.91,
            "l": 207.29,
            "c": 208.825,
            "v": 16418505
        },
        {
            "t": 1563940800,
            "o": 207.67,
            "h": 209.15,
            "l": 207.17,
            "c": 208.67,
            "v": 13012280
        },
        {
            "t": 1564027200,
            "o": 208.89,
            "h": 209.24,
            "l": 206.73,
            "c": 207.05,
            "v": 11866283
        },
        {
            "t": 1564113600,
            "o": 207.48,
            "h": 209.73,
            "l": 207.14,
            "c": 207.75,
            "v": 15409845
        },
        {
            "t": 1564372800,
            "o": 208.46,
            "h": 210.64,
            "l": 208.44,
            "c": 209.67,
            "v": 18828351
        },
        {
            "t": 1564459200,
            "o": 208.76,
            "h": 210.16,
            "l": 207.31,
            "c": 208.884,
            "v": 24482953
        },
        {
            "t": 1564545600,
            "o": 216.42,
            "h": 221.37,
            "l": 211.3,
            "c": 212.78,
            "v": 62976187
        },
        {
            "t": 1564632000,
            "o": 213.9,
            "h": 218.03,
            "l": 206.7435,
            "c": 208.4595,
            "v": 51518842
        },
        {
            "t": 1564718400,
            "o": 205.53,
            "h": 206.19,
            "l": 201.7,
            "c": 204.09,
            "v": 30361920
        },
        {
            "t": 1564977600,
            "o": 197.99,
            "h": 198.649,
            "l": 192.58,
            "c": 193.22,
            "v": 44910342
        },
        {
            "t": 1565064000,
            "o": 196.31,
            "h": 198.067,
            "l": 194.04,
            "c": 196.98,
            "v": 31922123
        },
        {
            "t": 1565150400,
            "o": 195.41,
            "h": 199.56,
            "l": 193.82,
            "c": 199.14,
            "v": 29096670
        },
        {
            "t": 1565236800,
            "o": 200.22,
            "h": 203.53,
            "l": 199.39,
            "c": 203.45,
            "v": 23184966
        },
        {
            "t": 1565323200,
            "o": 202.3093,
            "h": 202.76,
            "l": 199.3,
            "c": 200.93,
            "v": 20564640
        },
        {
            "t": 1565582400,
            "o": 199.62,
            "h": 202.0516,
            "l": 199.15,
            "c": 200.5,
            "v": 19539038
        },
        {
            "t": 1565668800,
            "o": 201.05,
            "h": 212.14,
            "l": 200.83,
            "c": 208.98,
            "v": 43076897
        },
        {
            "t": 1565755200,
            "o": 203.16,
            "h": 206.44,
            "l": 202.5869,
            "c": 202.75,
            "v": 30918861
        },
        {
            "t": 1565841600,
            "o": 203.46,
            "h": 205.14,
            "l": 199.67,
            "c": 201.74,
            "v": 24575334
        },
        {
            "t": 1565928000,
            "o": 204.28,
            "h": 207.16,
            "l": 203.84,
            "c": 206.44,
            "v": 25086579
        },
        {
            "t": 1566187200,
            "o": 210.62,
            "h": 212.7307,
            "l": 210.025,
            "c": 210.34,
            "v": 21547293
        },
        {
            "t": 1566273600,
            "o": 210.88,
            "h": 213.35,
            "l": 210.32,
            "c": 210.35,
            "v": 21011089
        },
        {
            "t": 1566360000,
            "o": 212.99,
            "h": 213.65,
            "l": 211.6032,
            "c": 212.65,
            "v": 18800282
        },
        {
            "t": 1566446400,
            "o": 213.19,
            "h": 214.435,
            "l": 210.75,
            "c": 212.45,
            "v": 19267504
        },
        {
            "t": 1566532800,
            "o": 209.43,
            "h": 212.051,
            "l": 201,
            "c": 202.63,
            "v": 40593444
        },
        {
            "t": 1566792000,
            "o": 205.86,
            "h": 207.19,
            "l": 205.0573,
            "c": 206.6,
            "v": 22978406
        },
        {
            "t": 1566878400,
            "o": 207.81,
            "h": 208.55,
            "l": 203.53,
            "c": 204.14,
            "v": 19309254
        },
        {
            "t": 1566964800,
            "o": 204.1,
            "h": 205.72,
            "l": 203.32,
            "c": 205.52,
            "v": 14081649
        },
        {
            "t": 1567051200,
            "o": 208.5,
            "h": 209.32,
            "l": 206.655,
            "c": 209.1,
            "v": 18354476
        },
        {
            "t": 1567137600,
            "o": 210.16,
            "h": 210.45,
            "l": 207.2,
            "c": 208.74,
            "v": 16839712
        },
        {
            "t": 1567483200,
            "o": 206.43,
            "h": 206.98,
            "l": 204.22,
            "c": 205.695,
            "v": 17928464
        },
        {
            "t": 1567569600,
            "o": 208.39,
            "h": 209.48,
            "l": 207.32,
            "c": 209.25,
            "v": 16915267
        },
        {
            "t": 1567656000,
            "o": 212,
            "h": 213.97,
            "l": 211.51,
            "c": 213.27,
            "v": 20371927
        },
        {
            "t": 1567742400,
            "o": 214.05,
            "h": 214.42,
            "l": 212.51,
            "c": 213.27,
            "v": 17147590
        },
        {
            "t": 1568001600,
            "o": 214.84,
            "h": 216.44,
            "l": 211.07,
            "c": 214.15,
            "v": 23194004
        },
        {
            "t": 1568088000,
            "o": 213.86,
            "h": 216.78,
            "l": 211.71,
            "c": 216.77,
            "v": 27664503
        },
        {
            "t": 1568174400,
            "o": 218.07,
            "h": 223.64,
            "l": 217.73,
            "c": 223.587,
            "v": 39572875
        },
        {
            "t": 1568260800,
            "o": 224.8,
            "h": 226.42,
            "l": 222.86,
            "c": 223.09,
            "v": 26816046
        },
        {
            "t": 1568347200,
            "o": 220,
            "h": 220.79,
            "l": 217.02,
            "c": 218.8,
            "v": 35658287
        },
        {
            "t": 1568606400,
            "o": 217.73,
            "h": 220.13,
            "l": 217.56,
            "c": 219.9,
            "v": 18614200
        },
        {
            "t": 1568692800,
            "o": 219.96,
            "h": 220.82,
            "l": 219.12,
            "c": 220.65,
            "v": 15755170
        },
        {
            "t": 1568779200,
            "o": 221.06,
            "h": 222.85,
            "l": 219.44,
            "c": 222.77,
            "v": 22597641
        },
        {
            "t": 1568865600,
            "o": 222.01,
            "h": 223.76,
            "l": 220.37,
            "c": 220.95,
            "v": 19560095
        },
        {
            "t": 1568952000,
            "o": 221.38,
            "h": 222.56,
            "l": 217.473,
            "c": 217.69,
            "v": 36711725
        },
        {
            "t": 1569211200,
            "o": 218.95,
            "h": 219.84,
            "l": 217.65,
            "c": 218.68,
            "v": 16353130
        },
        {
            "t": 1569297600,
            "o": 221.03,
            "h": 222.49,
            "l": 217.19,
            "c": 217.68,
            "v": 27025966
        },
        {
            "t": 1569384000,
            "o": 218.55,
            "h": 221.5,
            "l": 217.1402,
            "c": 220.99,
            "v": 18945127
        },
        {
            "t": 1569470400,
            "o": 220,
            "h": 220.94,
            "l": 218.83,
            "c": 219.89,
            "v": 16151246
        },
        {
            "t": 1569556800,
            "o": 220.54,
            "h": 220.96,
            "l": 217.2814,
            "c": 218.85,
            "v": 22606388
        },
        {
            "t": 1569816000,
            "o": 220.9,
            "h": 224.58,
            "l": 220.79,
            "c": 223.98,
            "v": 22189704
        },
        {
            "t": 1569902400,
            "o": 225.07,
            "h": 228.22,
            "l": 224.2,
            "c": 224.58,
            "v": 32017308
        },
        {
            "t": 1569988800,
            "o": 223.06,
            "h": 223.35,
            "l": 217.93,
            "c": 218.96,
            "v": 31067943
        },
        {
            "t": 1570075200,
            "o": 218.43,
            "h": 220.96,
            "l": 215.132,
            "c": 220.81,
            "v": 25267290
        },
        {
            "t": 1570161600,
            "o": 225.64,
            "h": 227.49,
            "l": 223.89,
            "c": 227.01,
            "v": 61420683
        },
        {
            "t": 1570420800,
            "o": 226.27,
            "h": 229.93,
            "l": 225.84,
            "c": 227.06,
            "v": 56249522
        },
        {
            "t": 1570507200,
            "o": 225.82,
            "h": 228.06,
            "l": 224.33,
            "c": 224.39,
            "v": 49356153
        },
        {
            "t": 1570593600,
            "o": 227.03,
            "h": 227.79,
            "l": 225.64,
            "c": 227,
            "v": 33424472
        },
        {
            "t": 1570680000,
            "o": 227.93,
            "h": 230.44,
            "l": 227.3,
            "c": 230.09,
            "v": 51957764
        },
        {
            "t": 1570766400,
            "o": 232.95,
            "h": 237.64,
            "l": 232.3075,
            "c": 236.22,
            "v": 75801862
        },
        {
            "t": 1571025600,
            "o": 234.9,
            "h": 238.1342,
            "l": 234.6701,
            "c": 235.89,
            "v": 43035391
        },
        {
            "t": 1571112000,
            "o": 236.39,
            "h": 237.65,
            "l": 234.88,
            "c": 235.32,
            "v": 37286507
        },
        {
            "t": 1571198400,
            "o": 233.37,
            "h": 235.24,
            "l": 233.2,
            "c": 234.39,
            "v": 32693993
        },
        {
            "t": 1571284800,
            "o": 235.09,
            "h": 236.15,
            "l": 233.52,
            "c": 235.29,
            "v": 30936663
        },
        {
            "t": 1571371200,
            "o": 234.59,
            "h": 237.58,
            "l": 234.29,
            "c": 236.28,
            "v": 45791251
        },
        {
            "t": 1571630400,
            "o": 238.3659,
            "h": 240.99,
            "l": 238.32,
            "c": 240.53,
            "v": 17427391
        },
        {
            "t": 1571716800,
            "o": 241.16,
            "h": 242.2,
            "l": 239.6218,
            "c": 239.97,
            "v": 19060536
        },
        {
            "t": 1571803200,
            "o": 242.1,
            "h": 243.24,
            "l": 241.22,
            "c": 243.14,
            "v": 17199153
        },
        {
            "t": 1571889600,
            "o": 244.51,
            "h": 244.8,
            "l": 241.805,
            "c": 243.6,
            "v": 15641517
        },
        {
            "t": 1571976000,
            "o": 243.16,
            "h": 246.73,
            "l": 242.88,
            "c": 246.58,
            "v": 15414721
        },
        {
            "t": 1572235200,
            "o": 247.42,
            "h": 249.25,
            "l": 246.72,
            "c": 249.04,
            "v": 22187260
        },
        {
            "t": 1572321600,
            "o": 248.97,
            "h": 249.75,
            "l": 242.57,
            "c": 243.29,
            "v": 32725739
        },
        {
            "t": 1572408000,
            "o": 244.76,
            "h": 245.3,
            "l": 241.21,
            "c": 243.29,
            "v": 25443913
        },
        {
            "t": 1572494400,
            "o": 247.24,
            "h": 249.17,
            "l": 237.26,
            "c": 248.84,
            "v": 29688327
        },
        {
            "t": 1572580800,
            "o": 249.54,
            "h": 255.93,
            "l": 249.16,
            "c": 255.84,
            "v": 33985331
        },
        {
            "t": 1572843600,
            "o": 257.33,
            "h": 257.845,
            "l": 255.38,
            "c": 257.48,
            "v": 23618001
        },
        {
            "t": 1572930000,
            "o": 257.05,
            "h": 258.19,
            "l": 256.32,
            "c": 257.15,
            "v": 17738372
        },
        {
            "t": 1573016400,
            "o": 256.84,
            "h": 257.49,
            "l": 255.365,
            "c": 257.24,
            "v": 15328064
        },
        {
            "t": 1573102800,
            "o": 258.74,
            "h": 260.35,
            "l": 258.11,
            "c": 259.5,
            "v": 22267200
        },
        {
            "t": 1573189200,
            "o": 258.69,
            "h": 260.44,
            "l": 256.85,
            "c": 260.14,
            "v": 15896858
        },
        {
            "t": 1573448400,
            "o": 258.3,
            "h": 262.47,
            "l": 258.28,
            "c": 262.2,
            "v": 19401290
        },
        {
            "t": 1573534800,
            "o": 261.55,
            "h": 262.79,
            "l": 260.92,
            "c": 261.98,
            "v": 19425255
        },
        {
            "t": 1573621200,
            "o": 261.13,
            "h": 264.78,
            "l": 261.07,
            "c": 264.47,
            "v": 24029891
        },
        {
            "t": 1573707600,
            "o": 263.75,
            "h": 264.88,
            "l": 262.1,
            "c": 262.69,
            "v": 20368211
        },
        {
            "t": 1573794000,
            "o": 263.68,
            "h": 265.78,
            "l": 263.01,
            "c": 265.75,
            "v": 23136341
        },
        {
            "t": 1574053200,
            "o": 265.8,
            "h": 267.43,
            "l": 264.23,
            "c": 267.12,
            "v": 18045658
        },
        {
            "t": 1574139600,
            "o": 267.9,
            "h": 268,
            "l": 265.3926,
            "c": 266.29,
            "v": 14685205
        },
        {
            "t": 1574226000,
            "o": 265.54,
            "h": 266.083,
            "l": 260.4,
            "c": 263.22,
            "v": 22181038
        },
        {
            "t": 1574312400,
            "o": 263.71,
            "h": 264.005,
            "l": 261.18,
            "c": 262.01,
            "v": 25411879
        },
        {
            "t": 1574398800,
            "o": 262.59,
            "h": 263.18,
            "l": 260.84,
            "c": 261.84,
            "v": 14301792
        },
        {
            "t": 1574658000,
            "o": 262.71,
            "h": 266.44,
            "l": 262.52,
            "c": 266.42,
            "v": 15137109
        },
        {
            "t": 1574744400,
            "o": 266.94,
            "h": 267.16,
            "l": 262.5,
            "c": 264.1,
            "v": 14856696
        },
        {
            "t": 1574830800,
            "o": 265.58,
            "h": 267.98,
            "l": 265.31,
            "c": 267.8999,
            "v": 14459464
        },
        {
            "t": 1575003600,
            "o": 266.6,
            "h": 268,
            "l": 265.9,
            "c": 267.18,
            "v": 8827719
        },
        {
            "t": 1575262800,
            "o": 267.27,
            "h": 268.25,
            "l": 263.45,
            "c": 264.09,
            "v": 20260941
        },
        {
            "t": 1575349200,
            "o": 258.31,
            "h": 259.53,
            "l": 256.29,
            "c": 259.52,
            "v": 25772086
        },
        {
            "t": 1575435600,
            "o": 261.07,
            "h": 263.31,
            "l": 260.68,
            "c": 261.74,
            "v": 14623003
        },
        {
            "t": 1575522000,
            "o": 263.79,
            "h": 265.89,
            "l": 262.73,
            "c": 265.58,
            "v": 15381351
        },
        {
            "t": 1575608400,
            "o": 267.48,
            "h": 271,
            "l": 267.3,
            "c": 270.7,
            "v": 23057888
        },
        {
            "t": 1575867600,
            "o": 270,
            "h": 270.8,
            "l": 264.91,
            "c": 266.92,
            "v": 27858494
        },
        {
            "t": 1575954000,
            "o": 268.6,
            "h": 270.07,
            "l": 265.86,
            "c": 268.62,
            "v": 20404044
        },
        {
            "t": 1576040400,
            "o": 268.81,
            "h": 271.1,
            "l": 268.5,
            "c": 270.74,
            "v": 17110774
        },
        {
            "t": 1576126800,
            "o": 267.79,
            "h": 272.5599,
            "l": 267.321,
            "c": 271.46,
            "v": 30907462
        },
        {
            "t": 1576213200,
            "o": 271.46,
            "h": 275.3,
            "l": 270.93,
            "c": 275.26,
            "v": 29835265
        },
        {
            "t": 1576472400,
            "o": 276.99,
            "h": 280.79,
            "l": 276.98,
            "c": 279.86,
            "v": 26824132
        },
        {
            "t": 1576558800,
            "o": 279.57,
            "h": 281.77,
            "l": 278.8,
            "c": 280.42,
            "v": 24453671
        },
        {
            "t": 1576645200,
            "o": 279.8,
            "h": 281.9,
            "l": 279.12,
            "c": 279.71,
            "v": 22974624
        },
        {
            "t": 1576731600,
            "o": 279.61,
            "h": 281.18,
            "l": 278.95,
            "c": 280.03,
            "v": 17776673
        },
        {
            "t": 1576818000,
            "o": 282.23,
            "h": 282.65,
            "l": 278.56,
            "c": 279.28,
            "v": 34326205
        },
        {
            "t": 1577077200,
            "o": 280.53,
            "h": 284.25,
            "l": 280.3735,
            "c": 283.97,
            "v": 18929964
        },
        {
            "t": 1577163600,
            "o": 284.69,
            "h": 284.89,
            "l": 282.9197,
            "c": 284.2762,
            "v": 9678447
        },
        {
            "t": 1577336400,
            "o": 284.78,
            "h": 289.98,
            "l": 284.7,
            "c": 289.91,
            "v": 20772521
        },
        {
            "t": 1577422800,
            "o": 291.12,
            "h": 293.97,
            "l": 288.12,
            "c": 289.83,
            "v": 32927275
        },
        {
            "t": 1577682000,
            "o": 289.46,
            "h": 292.69,
            "l": 285.22,
            "c": 291.647,
            "v": 33920736
        },
        {
            "t": 1577768400,
            "o": 289.93,
            "h": 293.68,
            "l": 289.52,
            "c": 293.37,
            "v": 21437960
        },
        {
            "t": 1577941200,
            "o": 296.24,
            "h": 300.6,
            "l": 295.19,
            "c": 300.58,
            "v": 30589026
        },
        {
            "t": 1578027600,
            "o": 297.15,
            "h": 300.58,
            "l": 296.5,
            "c": 297.38,
            "v": 31609363
        },
        {
            "t": 1578286800,
            "o": 293.79,
            "h": 299.96,
            "l": 292.75,
            "c": 299.78,
            "v": 27487207
        },
        {
            "t": 1578373200,
            "o": 299.84,
            "h": 300.9,
            "l": 297.48,
            "c": 298.27,
            "v": 23877417
        },
        {
            "t": 1578459600,
            "o": 297.16,
            "h": 304.4399,
            "l": 297.156,
            "c": 303.15,
            "v": 29547763
        },
        {
            "t": 1578546000,
            "o": 307.25,
            "h": 310.43,
            "l": 306.2,
            "c": 309.71,
            "v": 39240341
        },
        {
            "t": 1578632400,
            "o": 310.6,
            "h": 312.67,
            "l": 308.25,
            "c": 310.37,
            "v": 32981826
        },
        {
            "t": 1578891600,
            "o": 311.66,
            "h": 317.07,
            "l": 311.15,
            "c": 316.97,
            "v": 28105058
        },
        {
            "t": 1578978000,
            "o": 316.7,
            "h": 317.57,
            "l": 312.17,
            "c": 312.69,
            "v": 37279469
        },
        {
            "t": 1579064400,
            "o": 311.85,
            "h": 315.5,
            "l": 309.55,
            "c": 311.5,
            "v": 28107488
        },
        {
            "t": 1579150800,
            "o": 313.59,
            "h": 315.7,
            "l": 312.09,
            "c": 315.33,
            "v": 24013095
        },
        {
            "t": 1579237200,
            "o": 316.27,
            "h": 318.74,
            "l": 315,
            "c": 318.67,
            "v": 30204740
        },
        {
            "t": 1579582800,
            "o": 317.19,
            "h": 319.02,
            "l": 316,
            "c": 316.55,
            "v": 44685529
        },
        {
            "t": 1579669200,
            "o": 318.75,
            "h": 319.99,
            "l": 317.31,
            "c": 317.7,
            "v": 44852758
        },
        {
            "t": 1579755600,
            "o": 317.86,
            "h": 319.56,
            "l": 315.65,
            "c": 319.2899,
            "v": 41293070
        },
        {
            "t": 1579842000,
            "o": 320.25,
            "h": 323.33,
            "l": 317.5188,
            "c": 318.33,
            "v": 67508467
        },
        {
            "t": 1580101200,
            "o": 310.06,
            "h": 311.77,
            "l": 304.88,
            "c": 308.96,
            "v": 35107297
        },
        {
            "t": 1580187600,
            "o": 312.6,
            "h": 318.4,
            "l": 312.19,
            "c": 317.76,
            "v": 30754951
        },
        {
            "t": 1580274000,
            "o": 324.45,
            "h": 327.85,
            "l": 321.38,
            "c": 324.32,
            "v": 47978319
        },
        {
            "t": 1580360400,
            "o": 320.65,
            "h": 324.09,
            "l": 318.75,
            "c": 323.8762,
            "v": 29370141
        },
        {
            "t": 1580446800,
            "o": 320.95,
            "h": 322.68,
            "l": 308.29,
            "c": 309.33,
            "v": 46153891
        },
        {
            "t": 1580706000,
            "o": 304.3,
            "h": 313.49,
            "l": 302.22,
            "c": 308.71,
            "v": 40308612
        },
        {
            "t": 1580792400,
            "o": 315.31,
            "h": 319.64,
            "l": 313.6345,
            "c": 318.86,
            "v": 30865583
        },
        {
            "t": 1580878800,
            "o": 323.52,
            "h": 324.4,
            "l": 318.95,
            "c": 321.58,
            "v": 26442843
        },
        {
            "t": 1580965200,
            "o": 322.57,
            "h": 325.22,
            "l": 320.2648,
            "c": 325.21,
            "v": 23365266
        },
        {
            "t": 1581051600,
            "o": 322.37,
            "h": 323.4,
            "l": 318,
            "c": 320.04,
            "v": 27107613
        },
        {
            "t": 1581310800,
            "o": 314.18,
            "h": 321.54,
            "l": 313.85,
            "c": 321.54,
            "v": 23748626
        },
        {
            "t": 1581397200,
            "o": 323.6,
            "h": 323.9,
            "l": 318.71,
            "c": 319.61,
            "v": 21422946
        },
        {
            "t": 1581483600,
            "o": 321.62,
            "h": 327.21,
            "l": 321.47,
            "c": 327.2,
            "v": 24425223
        },
        {
            "t": 1581570000,
            "o": 324.19,
            "h": 326.22,
            "l": 323.35,
            "c": 324.91,
            "v": 21088852
        },
        {
            "t": 1581656400,
            "o": 324.74,
            "h": 325.98,
            "l": 322.85,
            "c": 324.94,
            "v": 17502899
        },
        {
            "t": 1582002000,
            "o": 315.36,
            "h": 319.75,
            "l": 314.61,
            "c": 319,
            "v": 34217504
        },
        {
            "t": 1582088400,
            "o": 320,
            "h": 324.57,
            "l": 320,
            "c": 323.62,
            "v": 19929550
        },
        {
            "t": 1582174800,
            "o": 322.55,
            "h": 324.65,
            "l": 318.21,
            "c": 320.3,
            "v": 22805445
        },
        {
            "t": 1582261200,
            "o": 318.62,
            "h": 320.45,
            "l": 310.5,
            "c": 313.03,
            "v": 29739870
        },
        {
            "t": 1582520400,
            "o": 297.26,
            "h": 304.18,
            "l": 289.23,
            "c": 298.17,
            "v": 49427633
        },
        {
            "t": 1582606800,
            "o": 300.95,
            "h": 302.53,
            "l": 286.13,
            "c": 288.08,
            "v": 52521891
        },
        {
            "t": 1582693200,
            "o": 286.53,
            "h": 297.88,
            "l": 286.5,
            "c": 292.69,
            "v": 46094168
        },
        {
            "t": 1582779600,
            "o": 281.1,
            "h": 286,
            "l": 272.96,
            "c": 273.04,
            "v": 72477356
        },
        {
            "t": 1582866000,
            "o": 257.26,
            "h": 278.41,
            "l": 256.37,
            "c": 274.64,
            "v": 96710951
        },
        {
            "t": 1583125200,
            "o": 282.28,
            "h": 301.44,
            "l": 277.72,
            "c": 298.82,
            "v": 78891672
        },
        {
            "t": 1583211600,
            "o": 303.67,
            "h": 304,
            "l": 285.8,
            "c": 289.31,
            "v": 74214898
        },
        {
            "t": 1583298000,
            "o": 296.44,
            "h": 303.4,
            "l": 293.13,
            "c": 302.76,
            "v": 49969205
        },
        {
            "t": 1583384400,
            "o": 295.52,
            "h": 299.55,
            "l": 291.41,
            "c": 292.92,
            "v": 42089988
        },
        {
            "t": 1583470800,
            "o": 282,
            "h": 290.82,
            "l": 281.23,
            "c": 288.98,
            "v": 51462221
        },
        {
            "t": 1583726400,
            "o": 263.75,
            "h": 278.09,
            "l": 263,
            "c": 266.09,
            "v": 130952816
        },
        {
            "t": 1583812800,
            "o": 277.14,
            "h": 286.44,
            "l": 269.37,
            "c": 285.69,
            "v": 65679929
        },
        {
            "t": 1583899200,
            "o": 277.39,
            "h": 281.22,
            "l": 271.86,
            "c": 275.3,
            "v": 58216000
        },
        {
            "t": 1583985600,
            "o": 255.94,
            "h": 270,
            "l": 248,
            "c": 248,
            "v": 96606887
        },
        {
            "t": 1584072000,
            "o": 264.89,
            "h": 279.92,
            "l": 252.95,
            "c": 278.06,
            "v": 83319113
        },
        {
            "t": 1584331200,
            "o": 241.95,
            "h": 259.08,
            "l": 240,
            "c": 241.47,
            "v": 74222204
        },
        {
            "t": 1584417600,
            "o": 247.51,
            "h": 257.61,
            "l": 238.4,
            "c": 252.85,
            "v": 151273870
        },
        {
            "t": 1584504000,
            "o": 239.77,
            "h": 250,
            "l": 237.12,
            "c": 249,
            "v": 62337123
        },
        {
            "t": 1584590400,
            "o": 247.385,
            "h": 252.84,
            "l": 242.61,
            "c": 244.78,
            "v": 61569852
        },
        {
            "t": 1584676800,
            "o": 247.18,
            "h": 251.83,
            "l": 228,
            "c": 228.74,
            "v": 83656772
        },
        {
            "t": 1584936000,
            "o": 228.08,
            "h": 228.4997,
            "l": 212.61,
            "c": 223.43,
            "v": 77575565
        },
        {
            "t": 1585022400,
            "o": 236.36,
            "h": 247.69,
            "l": 234.3,
            "c": 246.88,
            "v": 64013339
        },
        {
            "t": 1585108800,
            "o": 250.82,
            "h": 258.25,
            "l": 244.3,
            "c": 245.465,
            "v": 67944382
        },
        {
            "t": 1585195200,
            "o": 246.52,
            "h": 258.68,
            "l": 246.36,
            "c": 258.48,
            "v": 54641901
        },
        {
            "t": 1585281600,
            "o": 252.75,
            "h": 255.87,
            "l": 247.05,
            "c": 247.62,
            "v": 45641532
        },
        {
            "t": 1585540800,
            "o": 250.74,
            "h": 255.52,
            "l": 249.4,
            "c": 254.79,
            "v": 37524398
        },
        {
            "t": 1585627200,
            "o": 255.6,
            "h": 262.49,
            "l": 252,
            "c": 254.3,
            "v": 41083385
        },
        {
            "t": 1585713600,
            "o": 246.5,
            "h": 248.72,
            "l": 239.13,
            "c": 240.76,
            "v": 39826068
        },
        {
            "t": 1585800000,
            "o": 240.34,
            "h": 245.15,
            "l": 236.9,
            "c": 244.93,
            "v": 75974814
        },
        {
            "t": 1585886400,
            "o": 242.8,
            "h": 245.7,
            "l": 238.9741,
            "c": 241.43,
            "v": 29119767
        },
        {
            "t": 1586145600,
            "o": 250.9,
            "h": 263.11,
            "l": 249.38,
            "c": 262.285,
            "v": 43802547
        },
        {
            "t": 1586232000,
            "o": 270.8,
            "h": 271.7,
            "l": 259,
            "c": 259.385,
            "v": 47214898
        },
        {
            "t": 1586318400,
            "o": 262.74,
            "h": 267.37,
            "l": 261.23,
            "c": 266.04,
            "v": 36519701
        },
        {
            "t": 1586404800,
            "o": 268.7,
            "h": 270.07,
            "l": 264.7,
            "c": 267.96,
            "v": 37508554
        },
        {
            "t": 1586750400,
            "o": 268.31,
            "h": 273.7,
            "l": 265.83,
            "c": 273.23,
            "v": 30530102
        },
        {
            "t": 1586836800,
            "o": 280,
            "h": 288.25,
            "l": 278.05,
            "c": 287.07,
            "v": 88126631
        },
        {
            "t": 1586923200,
            "o": 282.4,
            "h": 286.33,
            "l": 280.63,
            "c": 284.45,
            "v": 54896950
        },
        {
            "t": 1587009600,
            "o": 287.38,
            "h": 288.1975,
            "l": 282.3502,
            "c": 286.72,
            "v": 103289014
        },
        {
            "t": 1587096000,
            "o": 284.69,
            "h": 286.945,
            "l": 276.86,
            "c": 282.74,
            "v": 189543675
        },
        {
            "t": 1587355200,
            "o": 277.95,
            "h": 281.68,
            "l": 276.85,
            "c": 276.85,
            "v": 86952157
        },
        {
            "t": 1587441600,
            "o": 276.28,
            "h": 277.25,
            "l": 265.43,
            "c": 268.36,
            "v": 120805673
        },
        {
            "t": 1587528000,
            "o": 273.61,
            "h": 277.58,
            "l": 272.2,
            "c": 276.09,
            "v": 95665531
        },
        {
            "t": 1587614400,
            "o": 275.87,
            "h": 281.75,
            "l": 274.87,
            "c": 274.87,
            "v": 55290604
        },
        {
            "t": 1587700800,
            "o": 277.2,
            "h": 283.01,
            "l": 277,
            "c": 282.95,
            "v": 84909438
        },
        {
            "t": 1587960000,
            "o": 281.8,
            "h": 284.54,
            "l": 279.95,
            "c": 283.25,
            "v": 52652760
        },
        {
            "t": 1588046400,
            "o": 285.08,
            "h": 285.83,
            "l": 278.2,
            "c": 278.57,
            "v": 24567863
        },
        {
            "t": 1588132800,
            "o": 284.73,
            "h": 289.67,
            "l": 283.89,
            "c": 287.83,
            "v": 57520384
        },
        {
            "t": 1588219200,
            "o": 289.96,
            "h": 294.53,
            "l": 288.35,
            "c": 293.99,
            "v": 34380486
        },
        {
            "t": 1588305600,
            "o": 286.25,
            "h": 299,
            "l": 285.85,
            "c": 289.07,
            "v": 112571771
        },
        {
            "t": 1588564800,
            "o": 289.17,
            "h": 293.69,
            "l": 286.3172,
            "c": 293.17,
            "v": 31026388
        },
        {
            "t": 1588651200,
            "o": 295.06,
            "h": 301,
            "l": 294.46,
            "c": 297.78,
            "v": 68730265
        },
        {
            "t": 1588737600,
            "o": 300.46,
            "h": 303.24,
            "l": 298.87,
            "c": 300.5,
            "v": 33168366
        },
        {
            "t": 1588824000,
            "o": 303.22,
            "h": 305.17,
            "l": 301.97,
            "c": 303.75,
            "v": 52106578
        },
        {
            "t": 1588910400,
            "o": 305.64,
            "h": 310.29,
            "l": 304.29,
            "c": 310.1484,
            "v": 30509246
        },
        {
            "t": 1589169600,
            "o": 308.1,
            "h": 317.05,
            "l": 307.24,
            "c": 315.005,
            "v": 34252219
        },
        {
            "t": 1589256000,
            "o": 317.83,
            "h": 319.688,
            "l": 310.91,
            "c": 311.51,
            "v": 72568708
        },
        {
            "t": 1589342400,
            "o": 312.15,
            "h": 315.95,
            "l": 303.21,
            "c": 307.68,
            "v": 46896514
        },
        {
            "t": 1589428800,
            "o": 304.51,
            "h": 309.79,
            "l": 301.53,
            "c": 309.7,
            "v": 36192573
        },
        {
            "t": 1589515200,
            "o": 300.35,
            "h": 307.9,
            "l": 300.21,
            "c": 307.74,
            "v": 38430814
        },
        {
            "t": 1589774400,
            "o": 313.17,
            "h": 316.5,
            "l": 310.3241,
            "c": 314.89,
            "v": 58756477
        },
        {
            "t": 1589860800,
            "o": 315.03,
            "h": 318.52,
            "l": 313.01,
            "c": 313.01,
            "v": 23453139
        },
        {
            "t": 1589947200,
            "o": 316.68,
            "h": 319.52,
            "l": 316.2,
            "c": 319.16,
            "v": 49657449
        },
        {
            "t": 1590033600,
            "o": 318.66,
            "h": 320.89,
            "l": 315.87,
            "c": 317.04,
            "v": 46099960
        },
        {
            "t": 1590120000,
            "o": 315.77,
            "h": 319.23,
            "l": 315.35,
            "c": 318.89,
            "v": 37592751
        },
        {
            "t": 1590465600,
            "o": 323.5,
            "h": 324.24,
            "l": 316.5,
            "c": 316.84,
            "v": 27609402
        },
        {
            "t": 1590552000,
            "o": 316.14,
            "h": 318.71,
            "l": 313.09,
            "c": 318.08,
            "v": 24944652
        },
        {
            "t": 1590638400,
            "o": 316.77,
            "h": 323.44,
            "l": 315.63,
            "c": 318.15,
            "v": 28935286
        },
        {
            "t": 1590724800,
            "o": 319.25,
            "h": 321.15,
            "l": 316.47,
            "c": 318.76,
            "v": 56248101
        },
        {
            "t": 1590984000,
            "o": 317.75,
            "h": 322.35,
            "l": 317.21,
            "c": 321.76,
            "v": 37704502
        },
        {
            "t": 1591070400,
            "o": 320.745,
            "h": 323.44,
            "l": 318.93,
            "c": 323.42,
            "v": 37968664
        },
        {
            "t": 1591156800,
            "o": 324.66,
            "h": 326.1,
            "l": 322.3,
            "c": 325.09,
            "v": 45506089
        },
        {
            "t": 1591243200,
            "o": 324.39,
            "h": 325.62,
            "l": 320.78,
            "c": 322.25,
            "v": 38930216
        },
        {
            "t": 1591329600,
            "o": 323.35,
            "h": 331.75,
            "l": 323.23,
            "c": 331.54,
            "v": 29572650
        },
        {
            "t": 1591588800,
            "o": 330.25,
            "h": 333.5,
            "l": 327.32,
            "c": 333.4402,
            "v": 20899464
        },
        {
            "t": 1591675200,
            "o": 332.14,
            "h": 345.61,
            "l": 332.01,
            "c": 344.32,
            "v": 66753163
        },
        {
            "t": 1591761600,
            "o": 347.9,
            "h": 354.77,
            "l": 346.09,
            "c": 352.78,
            "v": 76721048
        },
        {
            "t": 1591848000,
            "o": 349.31,
            "h": 351.06,
            "l": 335.59,
            "c": 336.08,
            "v": 44058913
        },
        {
            "t": 1591934400,
            "o": 344.72,
            "h": 347.8,
            "l": 337.63,
            "c": 337.655,
            "v": 26008570
        },
        {
            "t": 1592193600,
            "o": 333.25,
            "h": 344.8,
            "l": 332.58,
            "c": 342.99,
            "v": 62285020
        },
        {
            "t": 1592280000,
            "o": 351.46,
            "h": 353.2,
            "l": 344.72,
            "c": 352.26,
            "v": 36742302
        },
        {
            "t": 1592366400,
            "o": 355.15,
            "h": 355.4,
            "l": 351.09,
            "c": 351.2438,
            "v": 50065784
        },
        {
            "t": 1592452800,
            "o": 351.41,
            "h": 353.45,
            "l": 349.22,
            "c": 351.59,
            "v": 21375772
        },
        {
            "t": 1592539200,
            "o": 354.635,
            "h": 356.56,
            "l": 345.15,
            "c": 349.55,
            "v": 90845598
        },
        {
            "t": 1592798400,
            "o": 351.34,
            "h": 359.46,
            "l": 351.15,
            "c": 358.93,
            "v": 30845663
        },
        {
            "t": 1592884800,
            "o": 364,
            "h": 372.37,
            "l": 362.2701,
            "c": 366.37,
            "v": 50255788
        },
        {
            "t": 1592971200,
            "o": 365,
            "h": 368.79,
            "l": 358.52,
            "c": 360.06,
            "v": 44983139
        },
        {
            "t": 1593057600,
            "o": 360.7,
            "h": 365,
            "l": 357.57,
            "c": 364.88,
            "v": 32015338
        },
        {
            "t": 1593144000,
            "o": 364.41,
            "h": 365.32,
            "l": 353.02,
            "c": 353.69,
            "v": 40859277
        },
        {
            "t": 1593403200,
            "o": 353.25,
            "h": 362.1736,
            "l": 351.28,
            "c": 362,
            "v": 29154717
        },
        {
            "t": 1593489600,
            "o": 360.08,
            "h": 365.98,
            "l": 360,
            "c": 364.6,
            "v": 28884259
        },
        {
            "t": 1593576000,
            "o": 365.12,
            "h": 367.36,
            "l": 363.91,
            "c": 364.01,
            "v": 25429807
        },
        {
            "t": 1593662400,
            "o": 367.85,
            "h": 370.47,
            "l": 363.65,
            "c": 364.12,
            "v": 25332853
        },
        {
            "t": 1594008000,
            "o": 370,
            "h": 375.78,
            "l": 369.87,
            "c": 373.81,
            "v": 26084791
        },
        {
            "t": 1594094400,
            "o": 375.41,
            "h": 378.62,
            "l": 372.23,
            "c": 372.64,
            "v": 24610596
        },
        {
            "t": 1594180800,
            "o": 376.72,
            "h": 381.5,
            "l": 376.36,
            "c": 381.44,
            "v": 26025692
        },
        {
            "t": 1594267200,
            "o": 385.05,
            "h": 393.91,
            "l": 378.69,
            "c": 382.6599,
            "v": 29212120
        },
        {
            "t": 1594353600,
            "o": 381.34,
            "h": 383.92,
            "l": 378.8207,
            "c": 383.52,
            "v": 20333748
        },
        {
            "t": 1594612800,
            "o": 389.06,
            "h": 399.82,
            "l": 381.03,
            "c": 381.91,
            "v": 43528308
        },
        {
            "t": 1594699200,
            "o": 379.36,
            "h": 389.02,
            "l": 375.51,
            "c": 388.21,
            "v": 37043531
        },
        {
            "t": 1594785600,
            "o": 395.96,
            "h": 396.99,
            "l": 385.96,
            "c": 390.91,
            "v": 35722109
        },
        {
            "t": 1594872000,
            "o": 386.25,
            "h": 389.62,
            "l": 383.62,
            "c": 385.72,
            "v": 24614253
        },
        {
            "t": 1594958400,
            "o": 387.95,
            "h": 388.59,
            "l": 383.36,
            "c": 385.15,
            "v": 20185278
        },
        {
            "t": 1595217600,
            "o": 385.665,
            "h": 394,
            "l": 384.25,
            "c": 393.43,
            "v": 19422805
        },
        {
            "t": 1595304000,
            "o": 396.69,
            "h": 397,
            "l": 386.97,
            "c": 388,
            "v": 23389568
        },
        {
            "t": 1595390400,
            "o": 386.77,
            "h": 391.9,
            "l": 386.41,
            "c": 389.09,
            "v": 18899399
        },
        {
            "t": 1595476800,
            "o": 387.9935,
            "h": 388.31,
            "l": 369.64,
            "c": 371.56,
            "v": 25747322
        },
        {
            "t": 1595563200,
            "o": 363.95,
            "h": 371.88,
            "l": 356.58,
            "c": 370.42,
            "v": 43883515
        },
        {
            "t": 1595822400,
            "o": 374.84,
            "h": 379.62,
            "l": 373.92,
            "c": 379.215,
            "v": 26920001
        },
        {
            "t": 1595908800,
            "o": 377.47,
            "h": 378.1986,
            "l": 372.99,
            "c": 373.04,
            "v": 23023333
        },
        {
            "t": 1595995200,
            "o": 375,
            "h": 380.92,
            "l": 374.85,
            "c": 380.27,
            "v": 20387893
        },
        {
            "t": 1596081600,
            "o": 376.75,
            "h": 385.19,
            "l": 375.07,
            "c": 384.88,
            "v": 29577510
        },
        {
            "t": 1596168000,
            "o": 411.535,
            "h": 425.66,
            "l": 403.3,
            "c": 425.19,
            "v": 86940020
        },
        {
            "t": 1596427200,
            "o": 432.8,
            "h": 446.5457,
            "l": 431.57,
            "c": 435.66,
            "v": 59319804
        },
        {
            "t": 1596513600,
            "o": 436.53,
            "h": 443.16,
            "l": 433.55,
            "c": 438.81,
            "v": 40871187
        },
        {
            "t": 1596600000,
            "o": 437.51,
            "h": 441.57,
            "l": 435.59,
            "c": 440.339,
            "v": 27322942
        },
        {
            "t": 1596686400,
            "o": 441.62,
            "h": 457.65,
            "l": 439.19,
            "c": 455.88,
            "v": 47755979
        },
        {
            "t": 1596772800,
            "o": 452.82,
            "h": 454.7,
            "l": 441.17,
            "c": 444.41,
            "v": 45586418
        },
        {
            "t": 1597032000,
            "o": 449.75,
            "h": 452.98,
            "l": 440,
            "c": 450.94,
            "v": 40068874
        },
        {
            "t": 1597118400,
            "o": 447.875,
            "h": 449.93,
            "l": 436.4267,
            "c": 437.51,
            "v": 42368444
        },
        {
            "t": 1597204800,
            "o": 441.99,
            "h": 453.1,
            "l": 441.19,
            "c": 452.24,
            "v": 38649102
        },
        {
            "t": 1597291200,
            "o": 457.72,
            "h": 464.17,
            "l": 455.71,
            "c": 460.03,
            "v": 48059064
        },
        {
            "t": 1597377600,
            "o": 459.315,
            "h": 460,
            "l": 452.18,
            "c": 459.78,
            "v": 38149232
        },
        {
            "t": 1597636800,
            "o": 464.25,
            "h": 464.35,
            "l": 455.8501,
            "c": 458.39,
            "v": 25935894
        },
        {
            "t": 1597723200,
            "o": 457.41,
            "h": 464,
            "l": 456.03,
            "c": 462.08,
            "v": 24276411
        },
        {
            "t": 1597809600,
            "o": 463.933,
            "h": 468.65,
            "l": 462.44,
            "c": 462.825,
            "v": 33874948
        },
        {
            "t": 1597896000,
            "o": 463,
            "h": 473.568,
            "l": 462.9335,
            "c": 472.83,
            "v": 29389880
        },
        {
            "t": 1597982400,
            "o": 477.05,
            "h": 499.472,
            "l": 477,
            "c": 497.4,
            "v": 79453112
        },
        {
            "t": 1598241600,
            "o": 514.79,
            "h": 515.14,
            "l": 495.745,
            "c": 503.79,
            "v": 81260572
        },
        {
            "t": 1598328000,
            "o": 498.79,
            "h": 500.7172,
            "l": 492.21,
            "c": 499.31,
            "v": 49337045
        },
        {
            "t": 1598414400,
            "o": 504.7165,
            "h": 507.97,
            "l": 500.33,
            "c": 506.19,
            "v": 37949023
        },
        {
            "t": 1598500800,
            "o": 508.57,
            "h": 509.94,
            "l": 495.33,
            "c": 500.04,
            "v": 36378278
        },
        {
            "t": 1598587200,
            "o": 504.05,
            "h": 505.77,
            "l": 498.31,
            "c": 498.83,
            "v": 38207206
        },
        {
            "t": 1598846400,
            "o": 127.58,
            "h": 131,
            "l": 126,
            "c": 128.85,
            "v": 199136542
        },
        {
            "t": 1598932800,
            "o": 132.76,
            "h": 134.8,
            "l": 130.53,
            "c": 134.2,
            "v": 138233208
        },
        {
            "t": 1599019200,
            "o": 137.59,
            "h": 137.98,
            "l": 127,
            "c": 131.22,
            "v": 184800962
        },
        {
            "t": 1599105600,
            "o": 126.91,
            "h": 128.84,
            "l": 120.5,
            "c": 120.92,
            "v": 227958928
        },
        {
            "t": 1599192000,
            "o": 120.07,
            "h": 123.7,
            "l": 110.89,
            "c": 120.9,
            "v": 308317528
        },
        {
            "t": 1599537600,
            "o": 113.95,
            "h": 118.99,
            "l": 112.68,
            "c": 112.83,
            "v": 207475295
        },
        {
            "t": 1599624000,
            "o": 117.26,
            "h": 119.14,
            "l": 115.26,
            "c": 117.18,
            "v": 154399690
        },
        {
            "t": 1599710400,
            "o": 119.5,
            "h": 120.05,
            "l": 112.5,
            "c": 113.48,
            "v": 141520456
        },
        {
            "t": 1599796800,
            "o": 114.57,
            "h": 115.23,
            "l": 110,
            "c": 112.01,
            "v": 168935205
        },
        {
            "t": 1600056000,
            "o": 114.72,
            "h": 115.93,
            "l": 112.8,
            "c": 115.3599,
            "v": 123728990
        },
        {
            "t": 1600142400,
            "o": 118.33,
            "h": 118.829,
            "l": 113.61,
            "c": 115.55,
            "v": 171497919
        },
        {
            "t": 1600228800,
            "o": 115.23,
            "h": 116,
            "l": 112.04,
            "c": 112.13,
            "v": 142859370
        },
        {
            "t": 1600315200,
            "o": 109.72,
            "h": 112.2,
            "l": 108.71,
            "c": 110.32,
            "v": 159638807
        },
        {
            "t": 1600401600,
            "o": 110.4,
            "h": 110.88,
            "l": 106.09,
            "c": 106.6,
            "v": 208107357
        },
        {
            "t": 1600660800,
            "o": 104.54,
            "h": 110.19,
            "l": 103.1,
            "c": 110.13,
            "v": 178442044
        },
        {
            "t": 1600747200,
            "o": 112.68,
            "h": 112.86,
            "l": 109.16,
            "c": 111.8,
            "v": 167185259
        },
        {
            "t": 1600833600,
            "o": 111.62,
            "h": 112.11,
            "l": 106.77,
            "c": 107.23,
            "v": 131794926
        },
        {
            "t": 1600920000,
            "o": 105.17,
            "h": 110.25,
            "l": 105,
            "c": 108.2015,
            "v": 152123922
        },
        {
            "t": 1601006400,
            "o": 108.43,
            "h": 112.44,
            "l": 107.67,
            "c": 112.28,
            "v": 137542199
        },
        {
            "t": 1601265600,
            "o": 114.98,
            "h": 115.32,
            "l": 112.78,
            "c": 115,
            "v": 119572328
        },
        {
            "t": 1601352000,
            "o": 114.55,
            "h": 115.31,
            "l": 113.57,
            "c": 114.11,
            "v": 89264463
        },
        {
            "t": 1601438400,
            "o": 113.77,
            "h": 117.25,
            "l": 113.62,
            "c": 115.61,
            "v": 115978209
        },
        {
            "t": 1601524800,
            "o": 117.64,
            "h": 117.72,
            "l": 115.83,
            "c": 116.8,
            "v": 97603139
        },
        {
            "t": 1601611200,
            "o": 112.89,
            "h": 115.37,
            "l": 112.22,
            "c": 113.02,
            "v": 122690422
        },
        {
            "t": 1601870400,
            "o": 113.92,
            "h": 116.65,
            "l": 113.55,
            "c": 116.54,
            "v": 93972780
        },
        {
            "t": 1601956800,
            "o": 115.7,
            "h": 116.12,
            "l": 112.25,
            "c": 113.16,
            "v": 142211773
        },
        {
            "t": 1602043200,
            "o": 114.62,
            "h": 115.51,
            "l": 114.13,
            "c": 115.05,
            "v": 84487218
        },
        {
            "t": 1602129600,
            "o": 116.27,
            "h": 116.4,
            "l": 114.5901,
            "c": 114.97,
            "v": 74552335
        },
        {
            "t": 1602216000,
            "o": 115.28,
            "h": 117,
            "l": 114.92,
            "c": 116.98,
            "v": 86041259
        },
        {
            "t": 1602475200,
            "o": 120.06,
            "h": 125.18,
            "l": 119.2845,
            "c": 124.42,
            "v": 214339341
        },
        {
            "t": 1602561600,
            "o": 125.27,
            "h": 125.39,
            "l": 119.65,
            "c": 121.05,
            "v": 241006181
        },
        {
            "t": 1602648000,
            "o": 120.99,
            "h": 123.03,
            "l": 119.62,
            "c": 121.29,
            "v": 135410215
        },
        {
            "t": 1602734400,
            "o": 118.72,
            "h": 121.2,
            "l": 118.15,
            "c": 120.7453,
            "v": 97361453
        },
        {
            "t": 1602820800,
            "o": 121.28,
            "h": 121.548,
            "l": 118.81,
            "c": 118.96,
            "v": 100869315
        }
    ]
}