{
    "symbol": "AAPL",
    "annualReports": [
        {
            "fiscalDateEnding": "2019-09-30",
            "reportedCurrency": "USD",
            "totalRevenue": "260174000000",
            "totalOperatingExpense": "34462000000",
            "costOfRevenue": "161782000000",
            "grossProfit": "98392000000",
            "ebit": "65737000000",
            "netIncome": "55256000000",
            "researchAndDevelopment": "16217000000",
            "effectOfAccountingCharges": "None",
            "incomeBeforeTax": "65737000000",
            "minorityInterest": "None",
            "sellingGeneralAdministrative": "18245000000",
            "otherNonOperatingIncome": "1807000000",
            "operatingIncome": "63930000000",
            "otherOperatingExpense": "None",
            "interestExpense": "3576000000",
            "taxProvision": "10481000000",
            "interestIncome": "4961000000",
            "netInterestIncome": "1385000000",
            "extraordinaryItems": "None",
            "nonRecurring": "None",
            "otherItems": "None",
            "incomeTaxExpense": "10481000000",
            "totalOtherIncomeExpense": "422000000",
            "discontinuedOperations": "None",
            "netIncomeFromContinuingOperations": "55256000000",
            "netIncomeApplicableToCommonShares": "55256000000",
            "preferredStockAndOtherAdjustments": "None"
        },
        {
            "fiscalDateEnding": "2018-09-30",
            "reportedCurrency": "USD",
            "totalRevenue": "265595000000",
            "totalOperatingExpense": "30941000000",
            "costOfRevenue": "163756000000",
            "grossProfit": "101839000000",
            "ebit": "72903000000",
            "netIncome": "59531000000",
            "researchAndDevelopment": "14236000000",
            "effectOfAccountingCharges": "None",
            "incomeBeforeTax": "72903000000",
            "minorityInterest": "None",
            "sellingGeneralAdministrative": "16705000000",
            "otherNonOperatingIncome": "2005000000",
            "operatingIncome": "70898000000",
            "otherOperatingExpense": "None",
            "interestExpense": "3240000000",
            "taxProvision": "13372000000",
            "interestIncome": "5686000000",
            "netInterestIncome": "2446000000",
            "extraordinaryItems": "-1515000000",
            "nonRecurring": "None",
            "otherItems": "None",
            "incomeTaxExpense": "13372000000",
            "totalOtherIncomeExpense": "-441000000",
            "discontinuedOperations": "None",
            "netIncomeFromContinuingOperations": "59531000000",
            "netIncomeApplicableToCommonShares": "59531000000",
            "preferredStockAndOtherAdjustments": "None"
        },
        {
            "fiscalDateEnding": "2017-09-30",
            "reportedCurrency": "USD",
            "totalRevenue": "229234000000",
            "totalOperatingExpense": "26842000000",
            "costOfRevenue": "141048000000",
            "grossProfit": "88186000000",
            "ebit": "64089000000",
            "netIncome": "48351000000",
            "researchAndDevelopment": "11581000000",
            "effectOfAccountingCharges": "None",
            "incomeBeforeTax": "64089000000",
            "minorityInterest": "None",
            "sellingGeneralAdministrative": "15261000000",
            "otherNonOperatingIncome": "2745000000",
            "operatingIncome": "61344000000",
            "otherOperatingExpense": "None",
            "interestExpense": "2323000000",
            "taxProvision": "15738000000",
            "interestIncome": "5201000000",
            "netInterestIncome": "2878000000",
            "extraordinaryItems": "None",
            "nonRecurring": "None",
            "otherItems": "None",
            "incomeTaxExpense": "15738000000",
            "totalOtherIncomeExpense": "-133000000",
            "discontinuedOperations": "None",
            "netIncomeFromContinuingOperations": "48351000000",
            "netIncomeApplicableToCommonShares": "48351000000",
            "preferredStockAndOtherAdjustments": "None"
        },
        {
            "fiscalDateEnding": "2016-09-30",
            "reportedCurrency": "USD",
            "totalRevenue": "215639000000",
            "totalOperatingExpense": "24239000000",
            "costOfRevenue": "131376000000",
            "grossProfit": "84263000000",
            "ebit": "61372000000",
            "netIncome": "45687000000",
            "researchAndDevelopment": "10045000000",
            "effectOfAccountingCharges": "None",
            "incomeBeforeTax": "61372000000",
            "minorityInterest": "None",
            "sellingGeneralAdministrative": "14194000000",
            "otherNonOperatingIncome": "1348000000",
            "operatingIncome": "60024000000",
            "otherOperatingExpense": "None",
            "interestExpense": "1456000000",
            "taxProvision": "15685000000",
            "interestIncome": "3999000000",
            "netInterestIncome": "2543000000",
            "extraordinaryItems": "None",
            "nonRecurring": "None",
            "otherItems": "None",
            "incomeTaxExpense": "15685000000",
            "totalOtherIncomeExpense": "-1195000000",
            "discontinuedOperations": "None",
            "netIncomeFromContinuingOperations": "45687000000",
            "netIncomeApplicableToCommonShares": "45687000000",
            "preferredStockAndOtherAdjustments": "None"
        },
        {
            "fiscalDateEnding": "2015-09-30",
            "reportedCurrency": "USD",
            "totalRevenue": "233715000000",
            "totalOperatingExpense": "22396000000",
            "costOfRevenue": "140089000000",
            "grossProfit": "93626000000",
            "ebit": "72515000000",
            "netIncome": "53394000000",
            "researchAndDevelopment": "8067000000",
            "effectOfAccountingCharges": "None",
            "incomeBeforeTax": "72515000000",
            "minorityInterest": "None",
            "sellingGeneralAdministrative": "14329000000",
            "otherNonOperatingIncome": "1285000000",
            "operatingIncome": "71230000000",
            "otherOperatingExpense": "None",
            "interestExpense": "-733000000",
            "taxProvision": "19121000000",
            "interestIncome": "None",
            "netInterestIncome": "None",
            "extraordinaryItems": "None",
            "nonRecurring": "None",
            "otherItems": "None",
            "incomeTaxExpense": "19121000000",
            "totalOtherIncomeExpense": "1285000000",
            "discontinuedOperations": "None",
            "netIncomeFromContinuingOperations": "53394000000",
            "netIncomeApplicableToCommonShares": "53394000000",
            "preferredStockAndOtherAdjustments": "None"
        }
    ],
    "quarterlyReports": [
        {
            "fiscalDateEnding": "2020-06-30",
            "reportedCurrency": "USD",
            "totalRevenue": "59685000000",
            "totalOperatingExpense": "9589000000",
            "costOfRevenue": "37005000000",
            "grossProfit": "22680000000",
            "ebit": "13137000000",
            "netIncome": "11253000000",
            "researchAndDevelopment": "4758000000",
            "effectOfAccountingCharges": "None",
            "incomeBeforeTax": "13137000000",
            "minorityInterest": "None",
            "sellingGeneralAdministrative": "4831000000",
            "otherNonOperatingIncome": "46000000",
            "operatingIncome": "13091000000",
            "otherOperatingExpense": "None",
            "interestExpense": "697000000",
            "taxProvision": "1884000000",
            "interestIncome": "901000000",
            "netInterestIncome": "204000000",
            "extraordinaryItems": "None",
            "nonRecurring": "None",
            "otherItems": "None",
            "incomeTaxExpense": "1884000000",
            "totalOtherIncomeExpense": "-158000000",
            "discontinuedOperations": "None",
            "netIncomeFromContinuingOperations": "11253000000",
            "netIncomeApplicableToCommonShares": "11253000000",
            "preferredStockAndOtherAdjustments": "None"
        },
        {
            "fiscalDateEnding": "2020-03-31",
            "reportedCurrency": "USD",
            "totalRevenue": "58313000000",
            "totalOperatingExpense": "9517000000",
            "costOfRevenue": "35943000000",
            "grossProfit": "22370000000",
            "ebit": "13135000000",
            "netIncome": "11249000000",
            "researchAndDevelopment": "4565000000",
            "effectOfAccountingCharges": "None",
            "incomeBeforeTax": "13135000000",
            "minorityInterest": "None",
            "sellingGeneralAdministrative": "4952000000",
            "otherNonOperatingIncome": "282000000",
            "operatingIncome": "12853000000",
            "otherOperatingExpense": "None",
            "interestExpense": "757000000",
            "taxProvision": "1886000000",
            "interestIncome": "1049000000",
            "netInterestIncome": "292000000",
            "extraordinaryItems": "None",
            "nonRecurring": "None",
            "otherItems": "None",
            "incomeTaxExpense": "1886000000",
            "totalOtherIncomeExpense": "-10000000",
            "discontinuedOperations": "None",
            "netIncomeFromContinuingOperations": "11249000000",
            "netIncomeApplicableToCommonShares": "11249000000",
            "preferredStockAndOtherAdjustments": "None"
        },
        {
            "fiscalDateEnding": "2019-12-31",
            "reportedCurrency": "USD",
            "totalRevenue": "91819000000",
            "totalOperatingExpense": "9648000000",
            "costOfRevenue": "56602000000",
            "grossProfit": "35217000000",
            "ebit": "25918000000",
            "netIncome": "22236000000",
            "researchAndDevelopment": "4451000000",
            "effectOfAccountingCharges": "None",
            "incomeBeforeTax": "25918000000",
            "minorityInterest": "None",
            "sellingGeneralAdministrative": "5197000000",
            "otherNonOperatingIncome": "349000000",
            "operatingIncome": "25569000000",
            "otherOperatingExpense": "None",
            "interestExpense": "785000000",
            "taxProvision": "3682000000",
            "interestIncome": "1045000000",
            "netInterestIncome": "260000000",
            "extraordinaryItems": "None",
            "nonRecurring": "None",
            "otherItems": "None",
            "incomeTaxExpense": "3682000000",
            "totalOtherIncomeExpense": "89000000",
            "discontinuedOperations": "None",
            "netIncomeFromContinuingOperations": "22236000000",
            "netIncomeApplicableToCommonShares": "22236000000",
            "preferredStockAndOtherAdjustments": "None"
        },
        {
            "fiscalDateEnding": "2019-09-30",
            "reportedCurrency": "USD",
            "totalRevenue": "64040000000",
            "totalOperatingExpense": "8688000000",
            "costOfRevenue": "39727000000",
            "grossProfit": "24313000000",
            "ebit": "16127000000",
            "netIncome": "13686000000",
            "researchAndDevelopment": "4110000000",
            "effectOfAccountingCharges": "None",
            "incomeBeforeTax": "16127000000",
            "minorityInterest": "None",
            "sellingGeneralAdministrative": "4578000000",
            "otherNonOperatingIncome": "502000000",
            "operatingIncome": "15625000000",
            "otherOperatingExpense": "None",
            "interestExpense": "810000000",
            "taxProvision": "2441000000",
            "interestIncome": "1106000000",
            "netInterestIncome": "296000000",
            "extraordinaryItems": "None",
            "nonRecurring": "None",
            "otherItems": "None",
            "incomeTaxExpense": "2441000000",
            "totalOtherIncomeExpense": "206000000",
            "discontinuedOperations": "None",
            "netIncomeFromContinuingOperations": "13686000000",
            "netIncomeApplicableToCommonShares": "13686000000",
            "preferredStockAndOtherAdjustments": "None"
        },
        {
            "fiscalDateEnding": "2019-06-30",
            "reportedCurrency": "USD",
            "totalRevenue": "53809000000",
            "totalOperatingExpense": "8683000000",
            "costOfRevenue": "33582000000",
            "grossProfit": "20227000000",
            "ebit": "11911000000",
            "netIncome": "10044000000",
            "researchAndDevelopment": "4257000000",
            "effectOfAccountingCharges": "None",
            "incomeBeforeTax": "11911000000",
            "minorityInterest": "None",
            "sellingGeneralAdministrative": "4426000000",
            "otherNonOperatingIncome": "367000000",
            "operatingIncome": "11544000000",
            "otherOperatingExpense": "None",
            "interestExpense": "866000000",
            "taxProvision": "1867000000",
            "interestIncome": "1190000000",
            "netInterestIncome": "324000000",
            "extraordinaryItems": "None",
            "nonRecurring": "None",
            "otherItems": "None",
            "incomeTaxExpense": "1867000000",
            "totalOtherIncomeExpense": "43000000",
            "discontinuedOperations": "None",
            "netIncomeFromContinuingOperations": "10044000000",
            "netIncomeApplicableToCommonShares": "10044000000",
            "preferredStockAndOtherAdjustments": "None"
        },
        {
            "fiscalDateEnding": "2019-03-31",
            "reportedCurrency": "USD",
            "totalRevenue": "58015000000",
            "totalOperatingExpense": "8406000000",
            "costOfRevenue": "36194000000",
            "grossProfit": "21821000000",
            "ebit": "13793000000",
            "netIncome": "11561000000",
            "researchAndDevelopment": "3948000000",
            "effectOfAccountingCharges": "None",
            "incomeBeforeTax": "13793000000",
            "minorityInterest": "None",
            "sellingGeneralAdministrative": "4458000000",
            "otherNonOperatingIncome": "378000000",
            "operatingIncome": "13415000000",
            "otherOperatingExpense": "None",
            "interestExpense": "1010000000",
            "taxProvision": "2232000000",
            "interestIncome": "1358000000",
            "netInterestIncome": "348000000",
            "extraordinaryItems": "None",
            "nonRecurring": "None",
            "otherItems": "None",
            "incomeTaxExpense": "2232000000",
            "totalOtherIncomeExpense": "30000000",
            "discontinuedOperations": "None",
            "netIncomeFromContinuingOperations": "11561000000",
            "netIncomeApplicableToCommonShares": "11561000000",
            "preferredStockAndOtherAdjustments": "None"
        },
        {
            "fiscalDateEnding": "2018-12-31",
            "reportedCurrency": "USD",
            "totalRevenue": "84310000000",
            "totalOperatingExpense": "8685000000",
            "costOfRevenue": "52279000000",
            "grossProfit": "32031000000",
            "ebit": "23906000000",
            "netIncome": "19965000000",
            "researchAndDevelopment": "3902000000",
            "effectOfAccountingCharges": "None",
            "incomeBeforeTax": "23906000000",
            "minorityInterest": "None",
            "sellingGeneralAdministrative": "4783000000",
            "otherNonOperatingIncome": "560000000",
            "operatingIncome": "23346000000",
            "otherOperatingExpense": "-84310000000",
            "interestExpense": "-890000000",
            "taxProvision": "None",
            "interestIncome": "None",
            "netInterestIncome": "None",
            "extraordinaryItems": "None",
            "nonRecurring": "None",
            "otherItems": "None",
            "incomeTaxExpense": "3941000000",
            "totalOtherIncomeExpense": "560000000",
            "discontinuedOperations": "None",
            "netIncomeFromContinuingOperations": "19965000000",
            "netIncomeApplicableToCommonShares": "19965000000",
            "preferredStockAndOtherAdjustments": "None"
        },
        {
            "fiscalDateEnding": "2018-09-30",
            "reportedCurrency": "USD",
            "totalRevenue": "62900000000",
            "totalOperatingExpense": "7966000000",
            "costOfRevenue": "38816000000",
            "grossProfit": "24084000000",
            "ebit": "16421000000",
            "netIncome": "14125000000",
            "researchAndDevelopment": "3750000000",
            "effectOfAccountingCharges": "0",
            "incomeBeforeTax": "16421000000",
            "minorityInterest": "0",
            "sellingGeneralAdministrative": "4216000000",
            "otherNonOperatingIncome": "303000000",
            "operatingIncome": "16118000000",
            "otherOperatingExpense": "0",
            "interestExpense": "-868000000",
            "taxProvision": "None",
            "interestIncome": "None",
            "netInterestIncome": "None",
            "extraordinaryItems": "0",
            "nonRecurring": "0",
            "otherItems": "0",
            "incomeTaxExpense": "2296000000",
            "totalOtherIncomeExpense": "303000000",
            "discontinuedOperations": "0",
            "netIncomeFromContinuingOperations": "14125000000",
            "netIncomeApplicableToCommonShares": "14125000000",
            "preferredStockAndOtherAdjustments": "None"
        },
        {
            "fiscalDateEnding": "2018-06-30",
            "reportedCurrency": "USD",
            "totalRevenue": "53265000000",
            "totalOperatingExpense": "7809000000",
            "costOfRevenue": "32844000000",
            "grossProfit": "20421000000",
            "ebit": "13284000000",
            "netIncome": "11519000000",
            "researchAndDevelopment": "3701000000",
            "effectOfAccountingCharges": "0",
            "incomeBeforeTax": "13284000000",
            "minorityInterest": "0",
            "sellingGeneralAdministrative": "4108000000",
            "otherNonOperatingIncome": "672000000",
            "operatingIncome": "12612000000",
            "otherOperatingExpense": "0",
            "interestExpense": "-846000000",
            "taxProvision": "None",
            "interestIncome": "None",
            "netInterestIncome": "None",
            "extraordinaryItems": "0",
            "nonRecurring": "0",
            "otherItems": "0",
            "incomeTaxExpense": "1765000000",
            "totalOtherIncomeExpense": "672000000",
            "discontinuedOperations": "0",
            "netIncomeFromContinuingOperations": "11519000000",
            "netIncomeApplicableToCommonShares": "11519000000",
            "preferredStockAndOtherAdjustments": "None"
        },
        {
            "fiscalDateEnding": "2018-03-31",
            "reportedCurrency": "USD",
            "totalRevenue": "61137000000",
            "totalOperatingExpense": "7528000000",
            "costOfRevenue": "37715000000",
            "grossProfit": "23422000000",
            "ebit": "16168000000",
            "netIncome": "13822000000",
            "researchAndDevelopment": "3378000000",
            "effectOfAccountingCharges": "0",
            "incomeBeforeTax": "16168000000",
            "minorityInterest": "0",
            "sellingGeneralAdministrative": "4150000000",
            "otherNonOperatingIncome": "274000000",
            "operatingIncome": "15894000000",
            "otherOperatingExpense": "0",
            "interestExpense": "-792000000",
            "taxProvision": "None",
            "interestIncome": "None",
            "netInterestIncome": "None",
            "extraordinaryItems": "0",
            "nonRecurring": "0",
            "otherItems": "0",
            "incomeTaxExpense": "2346000000",
            "totalOtherIncomeExpense": "274000000",
            "discontinuedOperations": "0",
            "netIncomeFromContinuingOperations": "13822000000",
            "netIncomeApplicableToCommonShares": "13822000000",
            "preferredStockAndOtherAdjustments": "None"
        },
        {
            "fiscalDateEnding": "2017-12-31",
            "reportedCurrency": "USD",
            "totalRevenue": "88293000000",
            "totalOperatingExpense": "7638000000",
            "costOfRevenue": "54381000000",
            "grossProfit": "33912000000",
            "ebit": "27030000000",
            "netIncome": "20065000000",
            "researchAndDevelopment": "3407000000",
            "effectOfAccountingCharges": "0",
            "incomeBeforeTax": "27030000000",
            "minorityInterest": "0",
            "sellingGeneralAdministrative": "4231000000",
            "otherNonOperatingIncome": "756000000",
            "operatingIncome": "26274000000",
            "otherOperatingExpense": "0",
            "interestExpense": "734000000",
            "taxProvision": "None",
            "interestIncome": "None",
            "netInterestIncome": "None",
            "extraordinaryItems": "0",
            "nonRecurring": "0",
            "otherItems": "0",
            "incomeTaxExpense": "6965000000",
            "totalOtherIncomeExpense": "756000000",
            "discontinuedOperations": "0",
            "netIncomeFromContinuingOperations": "20065000000",
            "netIncomeApplicableToCommonShares": "20065000000",
            "preferredStockAndOtherAdjustments": "None"
        },
        {
            "fiscalDateEnding": "2017-09-30",
            "reportedCurrency": "USD",
            "totalRevenue": "52579000000",
            "totalOperatingExpense": "6811000000",
            "costOfRevenue": "32648000000",
            "grossProfit": "19931000000",
            "ebit": "13917000000",
            "netIncome": "10714000000",
            "researchAndDevelopment": "2997000000",
            "effectOfAccountingCharges": "0",
            "incomeBeforeTax": "13917000000",
            "minorityInterest": "0",
            "sellingGeneralAdministrative": "3814000000",
            "otherNonOperatingIncome": "797000000",
            "operatingIncome": "13120000000",
            "otherOperatingExpense": "0",
            "interestExpense": "666000000",
            "taxProvision": "None",
            "interestIncome": "None",
            "netInterestIncome": "None",
            "extraordinaryItems": "0",
            "nonRecurring": "0",
            "otherItems": "0",
            "incomeTaxExpense": "3203000000",
            "totalOtherIncomeExpense": "2205000000",
            "discontinuedOperations": "0",
            "netIncomeFromContinuingOperations": "10714000000",
            "netIncomeApplicableToCommonShares": "10714000000",
            "preferredStockAndOtherAdjustments": "None"
        },
        {
            "fiscalDateEnding": "2017-06-30",
            "reportedCurrency": "USD",
            "totalRevenue": "45408000000",
            "totalOperatingExpense": "6720000000",
            "costOfRevenue": "27920000000",
            "grossProfit": "17488000000",
            "ebit": "11308000000",
            "netIncome": "8717000000",
            "researchAndDevelopment": "2937000000",
            "effectOfAccountingCharges": "0",
            "incomeBeforeTax": "11308000000",
            "minorityInterest": "0",
            "sellingGeneralAdministrative": "3783000000",
            "otherNonOperatingIncome": "540000000",
            "operatingIncome": "10768000000",
            "otherOperatingExpense": "0",
            "interestExpense": "602000000",
            "taxProvision": "None",
            "interestIncome": "None",
            "netInterestIncome": "None",
            "extraordinaryItems": "0",
            "nonRecurring": "0",
            "otherItems": "0",
            "incomeTaxExpense": "2591000000",
            "totalOtherIncomeExpense": "-47000000",
            "discontinuedOperations": "0",
            "netIncomeFromContinuingOperations": "8717000000",
            "netIncomeApplicableToCommonShares": "8717000000",
            "preferredStockAndOtherAdjustments": "None"
        },
        {
            "fiscalDateEnding": "2017-03-31",
            "reportedCurrency": "USD",
            "totalRevenue": "52896000000",
            "totalOperatingExpense": "6494000000",
            "costOfRevenue": "32305000000",
            "grossProfit": "20591000000",
            "ebit": "14684000000",
            "netIncome": "11029000000",
            "researchAndDevelopment": "2776000000",
            "effectOfAccountingCharges": "0",
            "incomeBeforeTax": "14684000000",
            "minorityInterest": "0",
            "sellingGeneralAdministrative": "3718000000",
            "otherNonOperatingIncome": "587000000",
            "operatingIncome": "14097000000",
            "otherOperatingExpense": "0",
            "interestExpense": "530000000",
            "taxProvision": "None",
            "interestIncome": "None",
            "netInterestIncome": "None",
            "extraordinaryItems": "0",
            "nonRecurring": "0",
            "otherItems": "0",
            "incomeTaxExpense": "3655000000",
            "totalOtherIncomeExpense": "-234000000",
            "discontinuedOperations": "0",
            "netIncomeFromContinuingOperations": "11029000000",
            "netIncomeApplicableToCommonShares": "11029000000",
            "preferredStockAndOtherAdjustments": "None"
        },
        {
            "fiscalDateEnding": "2016-12-31",
            "reportedCurrency": "USD",
            "totalRevenue": "78351000000",
            "totalOperatingExpense": "6817000000",
            "costOfRevenue": "48175000000",
            "grossProfit": "30176000000",
            "ebit": "24180000000",
            "netIncome": "17891000000",
            "researchAndDevelopment": "2871000000",
            "effectOfAccountingCharges": "0",
            "incomeBeforeTax": "24180000000",
            "minorityInterest": "0",
            "sellingGeneralAdministrative": "3946000000",
            "otherNonOperatingIncome": "821000000",
            "operatingIncome": "23359000000",
            "otherOperatingExpense": "0",
            "interestExpense": "525000000",
            "taxProvision": "None",
            "interestIncome": "None",
            "netInterestIncome": "None",
            "extraordinaryItems": "0",
            "nonRecurring": "0",
            "otherItems": "0",
            "incomeTaxExpense": "6289000000",
            "totalOtherIncomeExpense": "821000000",
            "discontinuedOperations": "0",
            "netIncomeFromContinuingOperations": "17891000000",
            "netIncomeApplicableToCommonShares": "17891000000",
            "preferredStockAndOtherAdjustments": "None"
        },
        {
            "fiscalDateEnding": "2016-09-30",
            "reportedCurrency": "USD",
            "totalRevenue": "46852000000",
            "totalOperatingExpense": "6052000000",
            "costOfRevenue": "29039000000",
            "grossProfit": "17813000000",
            "ebit": "12188000000",
            "netIncome": "9014000000",
            "researchAndDevelopment": "2570000000",
            "effectOfAccountingCharges": "0",
            "incomeBeforeTax": "12188000000",
            "minorityInterest": "0",
            "sellingGeneralAdministrative": "3482000000",
            "otherNonOperatingIncome": "427000000",
            "operatingIncome": "11761000000",
            "otherOperatingExpense": "0",
            "interestExpense": "450000000",
            "taxProvision": "None",
            "interestIncome": "None",
            "netInterestIncome": "None",
            "extraordinaryItems": "0",
            "nonRecurring": "0",
            "otherItems": "0",
            "incomeTaxExpense": "3174000000",
            "totalOtherIncomeExpense": "984000000",
            "discontinuedOperations": "0",
            "netIncomeFromContinuingOperations": "9014000000",
            "netIncomeApplicableToCommonShares": "9014000000",
            "preferredStockAndOtherAdjustments": "None"
        },
        {
            "fiscalDateEnding": "2016-06-30",
            "reportedCurrency": "USD",
            "totalRevenue": "42358000000",
            "totalOperatingExpense": "6001000000",
            "costOfRevenue": "26252000000",
            "grossProfit": "16106000000",
            "ebit": "10469000000",
            "netIncome": "7796000000",
            "researchAndDevelopment": "2560000000",
            "effectOfAccountingCharges": "0",
            "incomeBeforeTax": "10469000000",
            "minorityInterest": "0",
            "sellingGeneralAdministrative": "3441000000",
            "otherNonOperatingIncome": "364000000",
            "operatingIncome": "10105000000",
            "otherOperatingExpense": "0",
            "interestExpense": "409000000",
            "taxProvision": "None",
            "interestIncome": "None",
            "netInterestIncome": "None",
            "extraordinaryItems": "0",
            "nonRecurring": "0",
            "otherItems": "0",
            "incomeTaxExpense": "2673000000",
            "totalOtherIncomeExpense": "209000000",
            "discontinuedOperations": "0",
            "netIncomeFromContinuingOperations": "7796000000",
            "netIncomeApplicableToCommonShares": "7796000000",
            "preferredStockAndOtherAdjustments": "None"
        },
        {
            "fiscalDateEnding": "2016-03-31",
            "reportedCurrency": "USD",
            "totalRevenue": "50557000000",
            "totalOperatingExpense": "5934000000",
            "costOfRevenue": "30636000000",
            "grossProfit": "19921000000",
            "ebit": "14142000000",
            "netIncome": "10516000000",
            "researchAndDevelopment": "2511000000",
            "effectOfAccountingCharges": "0",
            "incomeBeforeTax": "14142000000",
            "minorityInterest": "0",
            "sellingGeneralAdministrative": "3423000000",
            "otherNonOperatingIncome": "155000000",
            "operatingIncome": "13987000000",
            "otherOperatingExpense": "0",
            "interestExpense": "321000000",
            "taxProvision": "None",
            "interestIncome": "None",
            "netInterestIncome": "None",
            "extraordinaryItems": "0",
            "nonRecurring": "0",
            "otherItems": "0",
            "incomeTaxExpense": "3626000000",
            "totalOtherIncomeExpense": "-247000000",
            "discontinuedOperations": "0",
            "netIncomeFromContinuingOperations": "10516000000",
            "netIncomeApplicableToCommonShares": "10516000000",
            "preferredStockAndOtherAdjustments": "None"
        },
        {
            "fiscalDateEnding": "2015-12-31",
            "reportedCurrency": "USD",
            "totalRevenue": "75872000000",
            "totalOperatingExpense": "6252000000",
            "costOfRevenue": "45449000000",
            "grossProfit": "30423000000",
            "ebit": "24573000000",
            "netIncome": "18361000000",
            "researchAndDevelopment": "2404000000",
            "effectOfAccountingCharges": "0",
            "incomeBeforeTax": "24573000000",
            "minorityInterest": "0",
            "sellingGeneralAdministrative": "3848000000",
            "otherNonOperatingIncome": "402000000",
            "operatingIncome": "24171000000",
            "otherOperatingExpense": "0",
            "interestExpense": "276000000",
            "taxProvision": "None",
            "interestIncome": "None",
            "netInterestIncome": "None",
            "extraordinaryItems": "0",
            "nonRecurring": "0",
            "otherItems": "0",
            "incomeTaxExpense": "6212000000",
            "totalOtherIncomeExpense": "402000000",
            "discontinuedOperations": "0",
            "netIncomeFromContinuingOperations": "18361000000",
            "netIncomeApplicableToCommonShares": "18361000000",
            "preferredStockAndOtherAdjustments": "None"
        },
        {
            "fiscalDateEnding": "2015-09-30",
            "reportedCurrency": "USD",
            "totalRevenue": "51501000000",
            "totalOperatingExpense": "5925000000",
            "costOfRevenue": "30953000000",
            "grossProfit": "20548000000",
            "ebit": "15062000000",
            "netIncome": "11124000000",
            "researchAndDevelopment": "2220000000",
            "effectOfAccountingCharges": "0",
            "incomeBeforeTax": "15062000000",
            "minorityInterest": "0",
            "sellingGeneralAdministrative": "3705000000",
            "otherNonOperatingIncome": "439000000",
            "operatingIncome": "14623000000",
            "otherOperatingExpense": "0",
            "interestExpense": "238000000",
            "taxProvision": "None",
            "interestIncome": "None",
            "netInterestIncome": "None",
            "extraordinaryItems": "0",
            "nonRecurring": "0",
            "otherItems": "0",
            "incomeTaxExpense": "3938000000",
            "totalOtherIncomeExpense": "895000000",
            "discontinuedOperations": "0",
            "netIncomeFromContinuingOperations": "11124000000",
            "netIncomeApplicableToCommonShares": "11124000000",
            "preferredStockAndOtherAdjustments": "None"
        },
        {
            "fiscalDateEnding": "2015-06-30",
            "reportedCurrency": "USD",
            "totalRevenue": "49605000000",
            "totalOperatingExpense": "5598000000",
            "costOfRevenue": "29924000000",
            "grossProfit": "19681000000",
            "ebit": "14473000000",
            "netIncome": "10677000000",
            "researchAndDevelopment": "2034000000",
            "effectOfAccountingCharges": "0",
            "incomeBeforeTax": "14473000000",
            "minorityInterest": "0",
            "sellingGeneralAdministrative": "3564000000",
            "otherNonOperatingIncome": "390000000",
            "operatingIncome": "14083000000",
            "otherOperatingExpense": "0",
            "interestExpense": "201000000",
            "taxProvision": "None",
            "interestIncome": "None",
            "netInterestIncome": "None",
            "extraordinaryItems": "0",
            "nonRecurring": "0",
            "otherItems": "0",
            "incomeTaxExpense": "3796000000",
            "totalOtherIncomeExpense": "104000000",
            "discontinuedOperations": "0",
            "netIncomeFromContinuingOperations": "10677000000",
            "netIncomeApplicableToCommonShares": "10677000000",
            "preferredStockAndOtherAdjustments": "None"
        }
    ]
}